# file opened: main.asm
  1   0000                      DEVICE ZXSPECTRUM48
  2   0000              	SLDOPT COMMENT WPMEM, LOGPOINT, ASSERTION
  3   0000                      org $8000               ; Programa ubicado a partir de $8000 = 32768
  4   8000
  5   8000 F3                   di              ; Deshabilitar interrupciones
  6   8001 31 00 00             ld sp,0         ; Establecer el puntero de pila en la parte alta de la memoria
  7   8004
  8   8004              ;-------------------------------------------------------------------------------------------------
  9   8004              ;Código del estudiante
 10   8004
 11   8004 CD 11 80             CALL Main_Pantalla    ;Pantalla de Titulo
 12   8007              empezar:
 13   8007 CD E8 99             CALL Pantalla_Ini
 14   800A
 15   800A              flujo_juego:
 16   800A
 17   800A DD 2A E8 9B          ld ix, (maplist)
 18   800E
 19   800E                      ; JP, no CALL. Juego no vuelve nunca: Partida.asm no contiene ni un solo RET,
 20   800E                      ; y todas sus salidas son jp/jr a sitios que tampoco vuelven (Pantalla_Reinicio
 21   800E                      ; y Pantalla_GameOver acaban las dos en jp flujo_juego). Con CALL, la direccion
 22   800E                      ; de retorno se abandonaba en la pila en cada partida -- medido: 2 bytes por
 23   800E                      ; reinicio. El "jr flujo_juego" que habia aqui detras era inalcanzable por el
 24   800E                      ; mismo motivo.
 25   800E C3 7B 9E             JP Juego
 26   8011
 27   8011                      INCLUDE "Pantalla_Inicio.asm"
# file opened: Pantalla_Inicio.asm
  1+  8011              Main_Pantalla:
  2+  8011 DD 21 39 80      LD IX, RLEData
  3+  8015 21 00 40         LD HL, $4000
  4+  8018
  5+  8018              bucle_principal:
  6+  8018 CD 24 80         CALL LeerDataRLE
  7+  801B CA 23 80         JP Z, fin       ; Si se activa z, se acaba el programa
  8+  801E CD 32 80         CALL EscribirNData
  9+  8021 18 F5            JR bucle_principal
 10+  8023
 11+  8023              fin:
 12+  8023 C9               RET
 13+  8024
 14+  8024              LeerDataRLE:
 15+  8024 DD 7E 00         LD A, (IX + 0)
 16+  8027 B7               OR A
 17+  8028 C8               RET Z
 18+  8029 47               LD B, A
 19+  802A DD 7E 01         LD A, (IX + 1)
 20+  802D DD 23            INC IX
 20+  802F DD 23          INC IX
 21+  8031 C9               RET
 22+  8032
 23+  8032              EscribirNData:
 24+  8032 48               LD C, B
 25+  8033
 26+  8033              escribir_bytes:
 27+  8033 77               LD (HL), A
 28+  8034 23               INC HL
 29+  8035 0D               DEC C
 30+  8036 20 FB            JR NZ, escribir_bytes        ; Repite si C no es 0
 31+  8038 C9               RET
 32+  8039
 33+  8039
 34+  8039 1A FF 01 F7  RLEData:  DEFB 26, 255, 1, 247, 13, 255, 1, 254, 3, 255, 1, 251, 2, 255, 1, 223, 8, 255, 1, 245, 1, 127
 34+  803D 0D FF 01 FE
 34+  8041 03 FF 01 FB
 34+  8045 02 FF 01 DF
 34+  8049 08 FF 01 F5
 34+  804D 01 7F
 35+  804F 0E FF 01 EA            DEFB 14, 255, 1, 234, 1, 132, 1, 139, 1, 66, 1, 253, 1, 255, 1, 253, 1, 85, 1, 255, 1, 208
 35+  8053 01 84 01 8B
 35+  8057 01 42 01 FD
 35+  805B 01 FF 01 FD
 35+  805F 01 55 01 FF
 35+  8063 01 D0
 36+  8065 01 BF 01 F8            DEFB 1, 191, 1, 248, 1, 254, 1, 63, 1, 250, 1, 20, 1, 36, 1, 23, 13, 255, 1, 254, 1, 130
 36+  8069 01 FE 01 3F
 36+  806D 01 FA 01 14
 36+  8071 01 24 01 17
 36+  8075 0D FF 01 FE
 36+  8079 01 82
 37+  807B 01 85 01 A1            DEFB 1, 133, 1, 161, 1, 66, 1, 208, 1, 95, 1, 208, 1, 80, 1, 95, 1, 208, 1, 180, 3, 0
 37+  807F 01 42 01 D0
 37+  8083 01 5F 01 D0
 37+  8087 01 50 01 5F
 37+  808B 01 D0 01 B4
 37+  808F 03 00
 38+  8091 01 5A 01 14            DEFB 1, 90, 1, 20, 1, 36, 1, 23, 13, 255, 1, 232, 1, 2, 1, 135, 1, 11, 1, 65, 1, 5
 38+  8095 01 24 01 17
 38+  8099 0D FF 01 E8
 38+  809D 01 02 01 87
 38+  80A1 01 0B 01 41
 38+  80A5 01 05
 39+  80A7 01 FD 01 00            DEFB 1, 253, 1, 0, 1, 80, 1, 5, 1, 208, 1, 160, 1, 43, 1, 109, 1, 168, 1, 10, 1, 20
 39+  80AB 01 50 01 05
 39+  80AF 01 D0 01 A0
 39+  80B3 01 2B 01 6D
 39+  80B7 01 A8 01 0A
 39+  80BB 01 14
 40+  80BD 01 01 01 7F            DEFB 1, 1, 1, 127, 12, 255, 1, 254, 1, 130, 1, 66, 1, 128, 1, 47, 1, 64, 1, 23, 1, 208
 40+  80C1 0C FF 01 FE
 40+  80C5 01 82 01 42
 40+  80C9 01 80 01 2F
 40+  80CD 01 40 01 17
 40+  80D1 01 D0
 41+  80D3 01 48 01 50            DEFB 1, 72, 1, 80, 1, 144, 1, 80, 1, 160, 1, 43, 1, 109, 1, 168, 1, 10, 1, 20, 1, 23
 41+  80D7 01 90 01 50
 41+  80DB 01 A0 01 2B
 41+  80DF 01 6D 01 A8
 41+  80E3 01 0A 01 14
 41+  80E7 01 17
 42+  80E9 0D FF 01 FA            DEFB 13, 255, 1, 250, 1, 11, 1, 66, 1, 138, 1, 130, 1, 69, 2, 65, 1, 104, 1, 80, 1, 189
 42+  80ED 01 0B 01 42
 42+  80F1 01 8A 01 82
 42+  80F5 01 45 02 41
 42+  80F9 01 68 01 50
 42+  80FD 01 BD
 43+  80FF 01 01 01 74            DEFB 1, 1, 1, 116, 3, 0, 1, 90, 1, 181, 1, 127, 14, 255, 1, 162, 1, 254, 1, 191, 1, 235
 43+  8103 03 00 01 5A
 43+  8107 01 B5 01 7F
 43+  810B 0E FF 01 A2
 43+  810F 01 FE 01 BF
 43+  8113 01 EB
 44+  8115 01 5F 01 F5            DEFB 1, 95, 1, 245, 1, 244, 1, 95, 2, 255, 1, 215, 1, 255, 1, 248, 1, 254, 1, 63, 1, 251
 44+  8119 01 F4 01 5F
 44+  811D 02 FF 01 D7
 44+  8121 01 FF 01 F8
 44+  8125 01 FE 01 3F
 44+  8129 01 FB
 45+  812B 01 F7 30 FF            DEFB 1, 247, 48, 255, 1, 254, 6, 255, 1, 223, 8, 255, 1, 245, 1, 127, 14, 255, 1, 234, 1, 132
 45+  812F 01 FE 06 FF
 45+  8133 01 DF 08 FF
 45+  8137 01 F5 01 7F
 45+  813B 0E FF 01 EA
 45+  813F 01 84
 46+  8141 01 8B 01 42            DEFB 1, 139, 1, 66, 1, 253, 1, 255, 1, 253, 1, 85, 1, 255, 1, 208, 1, 191, 1, 231, 1, 1
 46+  8145 01 FD 01 FF
 46+  8149 01 FD 01 55
 46+  814D 01 FF 01 D0
 46+  8151 01 BF 01 E7
 46+  8155 01 01
 47+  8157 01 CF 01 FA            DEFB 1, 207, 1, 250, 1, 20, 1, 36, 1, 23, 13, 255, 1, 254, 1, 130, 1, 133, 1, 161, 1, 66
 47+  815B 01 14 01 24
 47+  815F 01 17 0D FF
 47+  8163 01 FE 01 82
 47+  8167 01 85 01 A1
 47+  816B 01 42
 48+  816D 01 D0 01 5F            DEFB 1, 208, 1, 95, 1, 208, 1, 80, 1, 95, 1, 208, 1, 168, 3, 0, 1, 42, 1, 20, 1, 36
 48+  8171 01 D0 01 50
 48+  8175 01 5F 01 D0
 48+  8179 01 A8 03 00
 48+  817D 01 2A 01 14
 48+  8181 01 24
 49+  8183 01 17 0D FF            DEFB 1, 23, 13, 255, 1, 232, 1, 2, 1, 128, 1, 11, 1, 65, 1, 5, 1, 253, 1, 0, 1, 80
 49+  8187 01 E8 01 02
 49+  818B 01 80 01 0B
 49+  818F 01 41 01 05
 49+  8193 01 FD 01 00
 49+  8197 01 50
 50+  8199 01 05 01 D0            DEFB 1, 5, 1, 208, 1, 160, 1, 32, 1, 0, 1, 8, 1, 10, 1, 20, 1, 1, 1, 127, 12, 255
 50+  819D 01 A0 01 20
 50+  81A1 01 00 01 08
 50+  81A5 01 0A 01 14
 50+  81A9 01 01 01 7F
 50+  81AD 0C FF
 51+  81AF 01 FE 01 82            DEFB 1, 254, 1, 130, 1, 66, 1, 128, 1, 47, 1, 64, 1, 23, 1, 208, 1, 72, 1, 80, 1, 144
 51+  81B3 01 42 01 80
 51+  81B7 01 2F 01 40
 51+  81BB 01 17 01 D0
 51+  81BF 01 48 01 50
 51+  81C3 01 90
 52+  81C5 01 50 01 A0            DEFB 1, 80, 1, 160, 1, 43, 1, 109, 1, 168, 1, 10, 1, 20, 1, 23, 13, 255, 1, 250, 1, 11
 52+  81C9 01 2B 01 6D
 52+  81CD 01 A8 01 0A
 52+  81D1 01 14 01 17
 52+  81D5 0D FF 01 FA
 52+  81D9 01 0B
 53+  81DB 01 42 01 8A            DEFB 1, 66, 1, 138, 1, 130, 1, 69, 2, 65, 1, 104, 1, 80, 1, 189, 1, 1, 1, 116, 3, 0
 53+  81DF 01 82 01 45
 53+  81E3 02 41 01 68
 53+  81E7 01 50 01 BD
 53+  81EB 01 01 01 74
 53+  81EF 03 00
 54+  81F1 01 5A 01 B5            DEFB 1, 90, 1, 181, 1, 127, 14, 255, 1, 162, 1, 254, 1, 191, 1, 235, 1, 95, 1, 245, 1, 244
 54+  81F5 01 7F 0E FF
 54+  81F9 01 A2 01 FE
 54+  81FD 01 BF 01 EB
 54+  8201 01 5F 01 F5
 54+  8205 01 F4
 55+  8207 01 5F 02 FF            DEFB 1, 95, 2, 255, 1, 215, 2, 255, 1, 1, 1, 255, 1, 251, 1, 247, 6, 255, 1, 223, 41, 255
 55+  820B 01 D7 02 FF
 55+  820F 01 01 01 FF
 55+  8213 01 FB 01 F7
 55+  8217 06 FF 01 DF
 55+  821B 29 FF
 56+  821D 01 FC 01 FF            DEFB 1, 252, 1, 255, 1, 223, 4, 255, 1, 143, 8, 255, 1, 232, 1, 191, 8, 255, 1, 223, 5, 255
 56+  8221 01 DF 04 FF
 56+  8225 01 8F 08 FF
 56+  8229 01 E8 01 BF
 56+  822D 08 FF 01 DF
 56+  8231 05 FF
 57+  8233 01 D2 01 85            DEFB 1, 210, 1, 133, 1, 5, 1, 66, 1, 250, 1, 255, 1, 250, 1, 82, 1, 255, 1, 208, 1, 191
 57+  8237 01 05 01 42
 57+  823B 01 FA 01 FF
 57+  823F 01 FA 01 52
 57+  8243 01 FF 01 D0
 57+  8247 01 BF
 58+  8249 01 98 01 00            DEFB 1, 152, 1, 0, 1, 51, 1, 250, 1, 20, 1, 42, 1, 11, 13, 255, 1, 253, 1, 2, 1, 133
 58+  824D 01 33 01 FA
 58+  8251 01 14 01 2A
 58+  8255 01 0B 0D FF
 58+  8259 01 FD 01 02
 58+  825D 01 85
 59+  825F 01 41 01 42            DEFB 1, 65, 1, 66, 1, 160, 1, 191, 1, 160, 1, 80, 1, 47, 1, 208, 1, 168, 1, 0, 1, 254
 59+  8263 01 A0 01 BF
 59+  8267 01 A0 01 50
 59+  826B 01 2F 01 D0
 59+  826F 01 A8 01 00
 59+  8273 01 FE
 60+  8275 01 00 01 2A            DEFB 1, 0, 1, 42, 1, 20, 1, 40, 1, 47, 13, 255, 1, 208, 1, 2, 1, 128, 1, 23, 1, 64
 60+  8279 01 14 01 28
 60+  827D 01 2F 0D FF
 60+  8281 01 D0 01 02
 60+  8285 01 80 01 17
 60+  8289 01 40
 61+  828B 01 0B 01 FA            DEFB 1, 11, 1, 250, 1, 0, 1, 80, 1, 2, 1, 208, 1, 160, 1, 91, 1, 109, 1, 180, 1, 10
 61+  828F 01 00 01 50
 61+  8293 01 02 01 D0
 61+  8297 01 A0 01 5B
 61+  829B 01 6D 01 B4
 61+  829F 01 0A
 62+  82A1 01 14 01 02            DEFB 1, 20, 1, 2, 13, 255, 1, 253, 1, 5, 1, 66, 1, 128, 1, 23, 1, 64, 1, 11, 1, 160
 62+  82A5 0D FF 01 FD
 62+  82A9 01 05 01 42
 62+  82AD 01 80 01 17
 62+  82B1 01 40 01 0B
 62+  82B5 01 A0
 63+  82B7 01 A8 01 50            DEFB 1, 168, 1, 80, 1, 168, 1, 32, 1, 160, 1, 16, 1, 0, 1, 16, 1, 10, 1, 20, 1, 47
 63+  82BB 01 A8 01 20
 63+  82BF 01 A0 01 10
 63+  82C3 01 00 01 10
 63+  82C7 01 0A 01 14
 63+  82CB 01 2F
 64+  82CD 0D FF 01 FD            DEFB 13, 255, 1, 253, 1, 5, 1, 66, 1, 151, 1, 65, 1, 75, 2, 160, 1, 168, 1, 80, 1, 190
 64+  82D1 01 05 01 42
 64+  82D5 01 97 01 41
 64+  82D9 01 4B 02 A0
 64+  82DD 01 A8 01 50
 64+  82E1 01 BE
 65+  82E3 01 82 01 FA            DEFB 1, 130, 1, 250, 3, 0, 1, 187, 1, 118, 15, 255, 1, 213, 1, 254, 1, 127, 1, 247, 1, 63
 65+  82E7 03 00 01 BB
 65+  82EB 01 76 0F FF
 65+  82EF 01 D5 01 FE
 65+  82F3 01 7F 01 F7
 65+  82F7 01 3F
 66+  82F9 01 FB 01 FA            DEFB 1, 251, 1, 250, 1, 191, 2, 255, 1, 239, 30, 255, 1, 247, 23, 255, 1, 252, 1, 255, 1, 223
 66+  82FD 01 BF 02 FF
 66+  8301 01 EF 1E FF
 66+  8305 01 F7 17 FF
 66+  8309 01 FC 01 FF
 66+  830D 01 DF
 67+  830F 04 FF 01 8F            DEFB 4, 255, 1, 143, 8, 255, 1, 232, 1, 191, 14, 255, 1, 210, 1, 133, 1, 5, 1, 66, 1, 250
 67+  8313 08 FF 01 E8
 67+  8317 01 BF 0E FF
 67+  831B 01 D2 01 85
 67+  831F 01 05 01 42
 67+  8323 01 FA
 68+  8325 01 FF 01 FA            DEFB 1, 255, 1, 250, 1, 82, 1, 255, 1, 208, 1, 191, 1, 96, 1, 0, 1, 13, 1, 250, 1, 20
 68+  8329 01 52 01 FF
 68+  832D 01 D0 01 BF
 68+  8331 01 60 01 00
 68+  8335 01 0D 01 FA
 68+  8339 01 14
 69+  833B 01 2A 01 0B            DEFB 1, 42, 1, 11, 13, 255, 1, 253, 1, 2, 1, 133, 1, 65, 1, 66, 1, 160, 1, 191, 1, 160
 69+  833F 0D FF 01 FD
 69+  8343 01 02 01 85
 69+  8347 01 41 01 42
 69+  834B 01 A0 01 BF
 69+  834F 01 A0
 70+  8351 01 50 01 2F            DEFB 1, 80, 1, 47, 1, 208, 1, 144, 1, 3, 1, 1, 1, 128, 1, 18, 1, 20, 1, 40, 1, 47
 70+  8355 01 D0 01 90
 70+  8359 01 03 01 01
 70+  835D 01 80 01 12
 70+  8361 01 14 01 28
 70+  8365 01 2F
 71+  8367 0D FF 01 D0            DEFB 13, 255, 1, 208, 1, 2, 1, 128, 1, 23, 1, 64, 1, 11, 1, 250, 1, 0, 1, 80, 1, 2
 71+  836B 01 02 01 80
 71+  836F 01 17 01 40
 71+  8373 01 0B 01 FA
 71+  8377 01 00 01 50
 71+  837B 01 02
 72+  837D 01 D0 01 A0            DEFB 1, 208, 1, 160, 1, 91, 1, 109, 1, 180, 1, 10, 1, 20, 1, 2, 13, 255, 1, 253, 1, 5
 72+  8381 01 5B 01 6D
 72+  8385 01 B4 01 0A
 72+  8389 01 14 01 02
 72+  838D 0D FF 01 FD
 72+  8391 01 05
 73+  8393 01 42 01 80            DEFB 1, 66, 1, 128, 1, 23, 1, 64, 1, 11, 1, 160, 1, 168, 1, 80, 1, 168, 1, 0, 1, 144
 73+  8397 01 17 01 40
 73+  839B 01 0B 01 A0
 73+  839F 01 A8 01 50
 73+  83A3 01 A8 01 00
 73+  83A7 01 90
 74+  83A9 01 0B 01 6D            DEFB 1, 11, 1, 109, 1, 160, 1, 18, 1, 20, 1, 47, 13, 255, 1, 253, 1, 5, 1, 66, 1, 151
 74+  83AD 01 A0 01 12
 74+  83B1 01 14 01 2F
 74+  83B5 0D FF 01 FD
 74+  83B9 01 05 01 42
 74+  83BD 01 97
 75+  83BF 01 41 01 4B            DEFB 1, 65, 1, 75, 2, 160, 1, 168, 1, 80, 1, 190, 1, 130, 1, 253, 2, 0, 1, 1, 1, 123
 75+  83C3 02 A0 01 A8
 75+  83C7 01 50 01 BE
 75+  83CB 01 82 01 FD
 75+  83CF 02 00 01 01
 75+  83D3 01 7B
 76+  83D5 01 76 05 FF            DEFB 1, 118, 5, 255, 1, 251, 9, 255, 1, 213, 1, 254, 1, 127, 1, 247, 1, 63, 1, 251, 1, 250
 76+  83D9 01 FB 09 FF
 76+  83DD 01 D5 01 FE
 76+  83E1 01 7F 01 F7
 76+  83E5 01 3F 01 FB
 76+  83E9 01 FA
 77+  83EB 01 BF 02 FF            DEFB 1, 191, 2, 255, 1, 239, 7, 255, 1, 239, 13, 255, 1, 223, 16, 255, 1, 253, 15, 255, 1, 250
 77+  83EF 01 EF 07 FF
 77+  83F3 01 EF 0D FF
 77+  83F7 01 DF 10 FF
 77+  83FB 01 FD 0F FF
 77+  83FF 01 FA
 78+  8401 01 01 01 AF            DEFB 1, 1, 1, 175, 1, 0, 3, 255, 1, 87, 1, 255, 1, 192, 1, 63, 3, 255, 1, 248, 1, 0
 78+  8405 01 00 03 FF
 78+  8409 01 57 01 FF
 78+  840D 01 C0 01 3F
 78+  8411 03 FF 01 F8
 78+  8415 01 00
 79+  8417 01 10 01 5F            DEFB 1, 16, 1, 95, 14, 255, 1, 162, 1, 132, 1, 130, 1, 66, 1, 245, 1, 127, 1, 244, 1, 81
 79+  841B 0E FF 01 A2
 79+  841F 01 84 01 82
 79+  8423 01 42 01 F5
 79+  8427 01 7F 01 F4
 79+  842B 01 51
 80+  842D 01 7F 01 D0            DEFB 1, 127, 1, 208, 1, 190, 1, 128, 1, 0, 1, 2, 1, 250, 1, 20, 1, 45, 1, 5, 10, 255
 80+  8431 01 BE 01 80
 80+  8435 01 00 01 02
 80+  8439 01 FA 01 14
 80+  843D 01 2D 01 05
 80+  8441 0A FF
 81+  8443 01 FE 02 FF            DEFB 1, 254, 2, 255, 1, 250, 1, 2, 1, 132, 1, 130, 1, 67, 1, 65, 1, 127, 1, 64, 1, 80
 81+  8447 01 FA 01 02
 81+  844B 01 84 01 82
 81+  844F 01 43 01 41
 81+  8453 01 7F 01 40
 81+  8457 01 50
 82+  8459 01 17 01 D0            DEFB 1, 23, 1, 208, 1, 144, 1, 4, 1, 108, 1, 64, 1, 18, 1, 20, 1, 48, 1, 95, 13, 255
 82+  845D 01 90 01 04
 82+  8461 01 6C 01 40
 82+  8465 01 12 01 14
 82+  8469 01 30 01 5F
 82+  846D 0D FF
 83+  846F 01 A0 01 02            DEFB 1, 160, 1, 2, 1, 128, 1, 47, 1, 64, 1, 23, 1, 244, 1, 0, 1, 80, 1, 1, 1, 80
 83+  8473 01 80 01 2F
 83+  8477 01 40 01 17
 83+  847B 01 F4 01 00
 83+  847F 01 50 01 01
 83+  8483 01 50
 84+  8485 01 A0 01 40            DEFB 1, 160, 1, 64, 1, 0, 1, 4, 1, 10, 1, 20, 1, 5, 13, 255, 1, 250, 1, 11, 1, 66
 84+  8489 01 00 01 04
 84+  848D 01 0A 01 14
 84+  8491 01 05 0D FF
 84+  8495 01 FA 01 0B
 84+  8499 01 42
 85+  849B 01 80 01 0B            DEFB 1, 128, 1, 11, 1, 65, 1, 5, 1, 65, 1, 104, 1, 80, 1, 180, 1, 0, 1, 144, 1, 4
 85+  849F 01 41 01 05
 85+  84A3 01 41 01 68
 85+  84A7 01 50 01 B4
 85+  84AB 01 00 01 90
 85+  84AF 01 04
 86+  84B1 01 6C 01 40            DEFB 1, 108, 1, 64, 1, 18, 1, 36, 1, 95, 13, 255, 1, 254, 1, 130, 1, 66, 1, 175, 1, 162
 86+  84B5 01 12 01 24
 86+  84B9 01 5F 0D FF
 86+  84BD 01 FE 01 82
 86+  84C1 01 42 01 AF
 86+  84C5 01 A2
 87+  84C7 01 57 01 D1            DEFB 1, 87, 1, 209, 1, 80, 1, 72, 1, 80, 1, 191, 1, 69, 1, 254, 1, 128, 1, 0, 1, 2
 87+  84CB 01 50 01 48
 87+  84CF 01 50 01 BF
 87+  84D3 01 45 01 FE
 87+  84D7 01 80 01 00
 87+  84DB 01 02
 88+  84DD 01 FA 01 F5            DEFB 1, 250, 1, 245, 12, 255, 1, 127, 2, 255, 1, 235, 1, 254, 2, 255, 1, 127, 1, 255, 1, 253
 88+  84E1 0C FF 01 7F
 88+  84E5 02 FF 01 EB
 88+  84E9 01 FE 02 FF
 88+  84ED 01 7F 01 FF
 88+  84F1 01 FD
 89+  84F3 01 7F 29 FF            DEFB 1, 127, 41, 255, 1, 253, 15, 255, 1, 250, 1, 253, 1, 175, 1, 126, 3, 255, 1, 87, 1, 255
 89+  84F7 01 FD 0F FF
 89+  84FB 01 FA 01 FD
 89+  84FF 01 AF 01 7E
 89+  8503 03 FF 01 57
 89+  8507 01 FF
 90+  8509 01 DF 01 BF            DEFB 1, 223, 1, 191, 3, 255, 1, 251, 1, 247, 1, 240, 1, 95, 14, 255, 1, 162, 1, 132, 1, 130
 90+  850D 03 FF 01 FB
 90+  8511 01 F7 01 F0
 90+  8515 01 5F 0E FF
 90+  8519 01 A2 01 84
 90+  851D 01 82
 91+  851F 01 42 01 F5            DEFB 1, 66, 1, 245, 1, 127, 1, 244, 1, 81, 1, 127, 1, 208, 1, 189, 2, 0, 1, 1, 1, 122
 91+  8523 01 7F 01 F4
 91+  8527 01 51 01 7F
 91+  852B 01 D0 01 BD
 91+  852F 02 00 01 01
 91+  8533 01 7A
 92+  8535 01 14 01 2D            DEFB 1, 20, 1, 45, 1, 5, 13, 255, 1, 250, 1, 2, 1, 132, 1, 130, 1, 67, 1, 65, 1, 127
 92+  8539 01 05 0D FF
 92+  853D 01 FA 01 02
 92+  8541 01 84 01 82
 92+  8545 01 43 01 41
 92+  8549 01 7F
 93+  854B 01 40 01 50            DEFB 1, 64, 1, 80, 1, 23, 1, 208, 1, 144, 1, 11, 1, 109, 1, 160, 1, 18, 1, 20, 1, 48
 93+  854F 01 17 01 D0
 93+  8553 01 90 01 0B
 93+  8557 01 6D 01 A0
 93+  855B 01 12 01 14
 93+  855F 01 30
 94+  8561 01 5F 0D FF            DEFB 1, 95, 13, 255, 1, 160, 1, 130, 1, 128, 1, 47, 1, 64, 1, 23, 1, 244, 1, 16, 1, 80
 94+  8565 01 A0 01 82
 94+  8569 01 80 01 2F
 94+  856D 01 40 01 17
 94+  8571 01 F4 01 10
 94+  8575 01 50
 95+  8577 01 41 01 50            DEFB 1, 65, 1, 80, 1, 160, 1, 91, 1, 109, 1, 180, 1, 10, 1, 20, 1, 5, 13, 255, 1, 250
 95+  857B 01 A0 01 5B
 95+  857F 01 6D 01 B4
 95+  8583 01 0A 01 14
 95+  8587 01 05 0D FF
 95+  858B 01 FA
 96+  858D 01 0B 01 42            DEFB 1, 11, 1, 66, 1, 128, 1, 11, 1, 65, 1, 5, 1, 65, 1, 104, 1, 80, 1, 180, 1, 0
 96+  8591 01 80 01 0B
 96+  8595 01 41 01 05
 96+  8599 01 41 01 68
 96+  859D 01 50 01 B4
 96+  85A1 01 00
 97+  85A3 01 90 01 03            DEFB 1, 144, 1, 3, 1, 1, 1, 128, 1, 18, 1, 36, 1, 95, 13, 255, 1, 254, 1, 130, 1, 66
 97+  85A7 01 01 01 80
 97+  85AB 01 12 01 24
 97+  85AF 01 5F 0D FF
 97+  85B3 01 FE 01 82
 97+  85B7 01 42
 98+  85B9 01 AF 01 A2            DEFB 1, 175, 1, 162, 1, 87, 1, 209, 1, 80, 1, 72, 1, 80, 1, 191, 1, 69, 1, 255, 1, 96
 98+  85BD 01 57 01 D1
 98+  85C1 01 50 01 48
 98+  85C5 01 50 01 BF
 98+  85C9 01 45 01 FF
 98+  85CD 01 60
 99+  85CF 01 00 01 0D            DEFB 1, 0, 1, 13, 1, 250, 1, 245, 15, 255, 1, 235, 1, 254, 2, 255, 1, 127, 1, 255, 1, 253
 99+  85D3 01 FA 01 F5
 99+  85D7 0F FF 01 EB
 99+  85DB 01 FE 02 FF
 99+  85DF 01 7F 01 FF
 99+  85E3 01 FD
100+  85E5 01 7F 04 FF            DEFB 1, 127, 4, 255, 1, 254, 36, 255, 1, 250, 15, 255, 1, 246, 1, 133, 1, 87, 1, 66, 2, 255
100+  85E9 01 FE 24 FF
100+  85ED 01 FA 0F FF
100+  85F1 01 F6 01 85
100+  85F5 01 57 01 42
100+  85F9 02 FF
101+  85FB 01 FE 01 DB            DEFB 1, 254, 1, 219, 1, 255, 1, 208, 1, 191, 3, 255, 1, 250, 1, 20, 1, 40, 1, 47, 14, 255
101+  85FF 01 FF 01 D0
101+  8603 01 BF 03 FF
101+  8607 01 FA 01 14
101+  860B 01 28 01 2F
101+  860F 0E FF
102+  8611 01 42 01 85            DEFB 1, 66, 1, 133, 1, 65, 1, 66, 1, 232, 1, 191, 1, 232, 1, 80, 1, 191, 1, 208, 1, 186
102+  8615 01 41 01 42
102+  8619 01 E8 01 BF
102+  861D 01 E8 01 50
102+  8621 01 BF 01 D0
102+  8625 01 BA
103+  8627 03 00 01 BA            DEFB 3, 0, 1, 186, 1, 20, 1, 42, 1, 11, 13, 255, 1, 244, 1, 2, 1, 133, 1, 5, 1, 66
103+  862B 01 14 01 2A
103+  862F 01 0B 0D FF
103+  8633 01 F4 01 02
103+  8637 01 85 01 05
103+  863B 01 42
104+  863D 01 82 01 FE            DEFB 1, 130, 1, 254, 1, 128, 1, 80, 1, 11, 1, 208, 1, 160, 1, 16, 1, 0, 1, 16, 1, 10
104+  8641 01 80 01 50
104+  8645 01 0B 01 D0
104+  8649 01 A0 01 10
104+  864D 01 00 01 10
104+  8651 01 0A
105+  8653 01 14 01 00            DEFB 1, 20, 1, 0, 1, 191, 13, 255, 1, 65, 1, 66, 1, 128, 1, 95, 1, 64, 1, 47, 1, 232
105+  8657 01 BF 0D FF
105+  865B 01 41 01 42
105+  865F 01 80 01 5F
105+  8663 01 40 01 2F
105+  8667 01 E8
106+  8669 01 28 01 50            DEFB 1, 40, 1, 80, 1, 160, 1, 144, 1, 160, 1, 91, 1, 109, 1, 180, 1, 10, 1, 20, 1, 11
106+  866D 01 A0 01 90
106+  8671 01 A0 01 5B
106+  8675 01 6D 01 B4
106+  8679 01 0A 01 14
106+  867D 01 0B
107+  867F 0D FF 01 F4            DEFB 13, 255, 1, 244, 1, 23, 1, 66, 1, 130, 1, 5, 1, 66, 2, 130, 1, 232, 1, 80, 1, 186
107+  8683 01 17 01 42
107+  8687 01 82 01 05
107+  868B 01 42 02 82
107+  868F 01 E8 01 50
107+  8693 01 BA
108+  8695 01 00 01 A8            DEFB 1, 0, 1, 168, 1, 0, 1, 254, 1, 0, 1, 42, 1, 84, 1, 191, 14, 255, 1, 65, 1, 126
108+  8699 01 00 01 FE
108+  869D 01 00 01 2A
108+  86A1 01 54 01 BF
108+  86A5 0E FF 01 41
108+  86A9 01 7E
109+  86AB 01 DF 01 D5            DEFB 1, 223, 1, 213, 1, 111, 1, 234, 1, 232, 1, 47, 1, 223, 1, 191, 1, 171, 1, 255, 1, 152
109+  86AF 01 6F 01 EA
109+  86B3 01 E8 01 2F
109+  86B7 01 DF 01 BF
109+  86BB 01 AB 01 FF
109+  86BF 01 98
110+  86C1 01 00 01 33            DEFB 1, 0, 1, 51, 1, 249, 1, 243, 15, 255, 1, 247, 5, 255, 1, 254, 18, 255, 1, 254, 23, 255
110+  86C5 01 F9 01 F3
110+  86C9 0F FF 01 F7
110+  86CD 05 FF 01 FE
110+  86D1 12 FF 01 FE
110+  86D5 17 FF
111+  86D7 01 FA 0F FF            DEFB 1, 250, 15, 255, 1, 246, 1, 133, 1, 87, 1, 66, 2, 255, 1, 254, 1, 219, 1, 255, 1, 208
111+  86DB 01 F6 01 85
111+  86DF 01 57 01 42
111+  86E3 02 FF 01 FE
111+  86E7 01 DB 01 FF
111+  86EB 01 D0
112+  86ED 01 BF 01 FF            DEFB 1, 191, 1, 255, 1, 1, 1, 255, 1, 250, 1, 20, 1, 40, 1, 47, 14, 255, 1, 66, 1, 133
112+  86F1 01 01 01 FF
112+  86F5 01 FA 01 14
112+  86F9 01 28 01 2F
112+  86FD 0E FF 01 42
112+  8701 01 85
113+  8703 01 41 01 42            DEFB 1, 65, 1, 66, 1, 232, 1, 191, 1, 232, 1, 80, 1, 191, 1, 208, 1, 180, 3, 0, 1, 90
113+  8707 01 E8 01 BF
113+  870B 01 E8 01 50
113+  870F 01 BF 01 D0
113+  8713 01 B4 03 00
113+  8717 01 5A
114+  8719 01 14 01 2A            DEFB 1, 20, 1, 42, 1, 11, 13, 255, 1, 244, 1, 2, 1, 133, 1, 5, 1, 66, 1, 130, 1, 254
114+  871D 01 0B 0D FF
114+  8721 01 F4 01 02
114+  8725 01 85 01 05
114+  8729 01 42 01 82
114+  872D 01 FE
115+  872F 01 80 01 50            DEFB 1, 128, 1, 80, 1, 11, 1, 208, 1, 160, 1, 43, 1, 109, 1, 168, 1, 10, 1, 20, 1, 0
115+  8733 01 0B 01 D0
115+  8737 01 A0 01 2B
115+  873B 01 6D 01 A8
115+  873F 01 0A 01 14
115+  8743 01 00
116+  8745 01 BF 0D FF            DEFB 1, 191, 13, 255, 1, 65, 1, 66, 1, 128, 1, 95, 1, 64, 1, 47, 1, 232, 1, 40, 1, 80
116+  8749 01 41 01 42
116+  874D 01 80 01 5F
116+  8751 01 40 01 2F
116+  8755 01 E8 01 28
116+  8759 01 50
117+  875B 01 A0 01 90            DEFB 1, 160, 1, 144, 1, 160, 1, 32, 1, 0, 1, 8, 1, 10, 1, 20, 1, 11, 13, 255, 1, 244
117+  875F 01 A0 01 20
117+  8763 01 00 01 08
117+  8767 01 0A 01 14
117+  876B 01 0B 0D FF
117+  876F 01 F4
118+  8771 01 17 01 42            DEFB 1, 23, 1, 66, 1, 133, 1, 5, 1, 66, 2, 130, 1, 232, 1, 80, 1, 186, 1, 0, 1, 168
118+  8775 01 85 01 05
118+  8779 01 42 02 82
118+  877D 01 E8 01 50
118+  8781 01 BA 01 00
118+  8785 01 A8
119+  8787 03 00 01 2A            DEFB 3, 0, 1, 42, 1, 84, 1, 191, 14, 255, 1, 65, 1, 0, 1, 223, 1, 213, 1, 111, 1, 234
119+  878B 01 54 01 BF
119+  878F 0E FF 01 41
119+  8793 01 00 01 DF
119+  8797 01 D5 01 6F
119+  879B 01 EA
120+  879D 01 E8 01 20            DEFB 1, 232, 1, 32, 1, 0, 1, 63, 1, 171, 1, 255, 1, 231, 1, 1, 1, 207, 1, 249, 1, 243
120+  87A1 01 00 01 3F
120+  87A5 01 AB 01 FF
120+  87A9 01 E7 01 01
120+  87AD 01 CF 01 F9
120+  87B1 01 F3
121+  87B3 0F FF 01 F7            DEFB 15, 255, 1, 247, 4, 255, 1, 254, 61, 255, 1, 253, 1, 212, 1, 69, 1, 85, 1, 84, 1, 79
121+  87B7 04 FF 01 FE
121+  87BB 3D FF 01 FD
121+  87BF 01 D4 01 45
121+  87C3 01 55 01 54
121+  87C7 01 4F
122+  87C9 01 1B 01 D4            DEFB 1, 27, 1, 212, 1, 84, 1, 113, 1, 85, 1, 31, 22, 255, 1, 238, 1, 98, 1, 35, 1, 110
122+  87CD 01 54 01 71
122+  87D1 01 55 01 1F
122+  87D5 16 FF 01 EE
122+  87D9 01 62 01 23
122+  87DD 01 6E
123+  87DF 01 39 01 AE            DEFB 1, 57, 1, 174, 1, 106, 1, 185, 23, 255, 1, 253, 1, 84, 1, 68, 1, 113, 1, 93, 1, 68
123+  87E3 01 6A 01 B9
123+  87E7 17 FF 01 FD
123+  87EB 01 54 01 44
123+  87EF 01 71 01 5D
123+  87F3 01 44
124+  87F5 01 57 02 11            DEFB 1, 87, 2, 17, 1, 31, 53, 255, 1, 191, 1, 255, 1, 207, 1, 255, 1, 195, 1, 247, 2, 255
124+  87F9 01 1F 35 FF
124+  87FD 01 BF 01 FF
124+  8801 01 CF 01 FF
124+  8805 01 C3 01 F7
124+  8809 02 FF
125+  880B 01 1F 01 8F            DEFB 1, 31, 1, 143, 20, 255, 1, 252, 1, 63, 1, 255, 1, 170, 1, 189, 1, 255, 1, 198, 1, 0
125+  880F 14 FF 01 FC
125+  8813 01 3F 01 FF
125+  8817 01 AA 01 BD
125+  881B 01 FF 01 C6
125+  881F 01 00
126+  8821 01 70 01 00            DEFB 1, 112, 1, 0, 1, 21, 1, 238, 1, 191, 17, 255, 1, 252, 1, 193, 1, 0, 1, 21, 1, 117
126+  8825 01 15 01 EE
126+  8829 01 BF 11 FF
126+  882D 01 FC 01 C1
126+  8831 01 00 01 15
126+  8835 01 75
127+  8837 01 7F 01 87            DEFB 1, 127, 1, 135, 1, 128, 1, 127, 1, 254, 1, 0, 1, 31, 1, 127, 1, 248, 1, 123, 1, 129
127+  883B 01 80 01 7F
127+  883F 01 FE 01 00
127+  8843 01 1F 01 7F
127+  8847 01 F8 01 7B
127+  884B 01 81
128+  884D 01 BD 55 FF            DEFB 1, 189, 85, 255, 1, 234, 1, 170, 1, 235, 1, 111, 1, 186, 1, 222, 1, 170, 1, 187, 23, 255
128+  8851 01 EA 01 AA
128+  8855 01 EB 01 6F
128+  8859 01 BA 01 DE
128+  885D 01 AA 01 BB
128+  8861 17 FF
129+  8863 01 FC 01 55            DEFB 1, 252, 1, 85, 1, 237, 1, 245, 1, 92, 1, 85, 1, 87, 1, 213, 1, 87, 1, 127, 55, 255
129+  8867 01 ED 01 F5
129+  886B 01 5C 01 55
129+  886F 01 57 01 D5
129+  8873 01 57 01 7F
129+  8877 37 FF
130+  8879 01 33 01 FE            DEFB 1, 51, 1, 254, 1, 60, 1, 27, 1, 255, 1, 252, 1, 224, 1, 115, 19, 255, 1, 127, 1, 243
130+  887D 01 3C 01 1B
130+  8881 01 FF 01 FC
130+  8885 01 E0 01 73
130+  8889 13 FF 01 7F
130+  888D 01 F3
131+  888F 01 C3 01 FF            DEFB 1, 195, 1, 255, 1, 181, 1, 87, 1, 255, 1, 248, 1, 0, 1, 96, 1, 0, 1, 42, 1, 242
131+  8893 01 B5 01 57
131+  8897 01 FF 01 F8
131+  889B 01 00 01 60
131+  889F 01 00 01 2A
131+  88A3 01 F2
132+  88A5 01 BF 11 FF            DEFB 1, 191, 17, 255, 1, 243, 1, 4, 1, 0, 1, 42, 1, 234, 1, 174, 1, 0, 1, 121, 1, 245
132+  88A9 01 F3 01 04
132+  88AD 01 00 01 2A
132+  88B1 01 EA 01 AE
132+  88B5 01 00 01 79
132+  88B9 01 F5
133+  88BB 01 55 01 80            DEFB 1, 85, 1, 128, 1, 1, 1, 255, 1, 224, 1, 7, 1, 5, 1, 221, 85, 255, 1, 226, 1, 170
133+  88BF 01 01 01 FF
133+  88C3 01 E0 01 07
133+  88C7 01 05 01 DD
133+  88CB 55 FF 01 E2
133+  88CF 01 AA
134+  88D1 01 EA 01 22            DEFB 1, 234, 1, 34, 1, 56, 1, 222, 1, 162, 1, 187, 23, 255, 1, 253, 1, 84, 1, 109, 1, 243
134+  88D5 01 38 01 DE
134+  88D9 01 A2 01 BB
134+  88DD 17 FF 01 FD
134+  88E1 01 54 01 6D
134+  88E5 01 F3
135+  88E7 01 5D 01 44            DEFB 1, 93, 1, 68, 1, 207, 1, 213, 1, 83, 1, 31, 10, 255, 1, 223, 19, 255, 1, 223, 23, 255
135+  88EB 01 CF 01 D5
135+  88EF 01 53 01 1F
135+  88F3 0A FF 01 DF
135+  88F7 13 FF 01 DF
135+  88FB 17 FF
136+  88FD 01 FC 01 CC            DEFB 1, 252, 1, 204, 1, 249, 1, 195, 1, 123, 1, 255, 1, 251, 1, 2, 1, 141, 20, 255, 1, 204
136+  8901 01 F9 01 C3
136+  8905 01 7B 01 FF
136+  8909 01 FB 01 02
136+  890D 01 8D 14 FF
136+  8911 01 CC
137+  8913 01 3D 01 FF            DEFB 1, 61, 1, 255, 1, 106, 1, 171, 1, 255, 1, 224, 1, 1, 1, 192, 1, 0, 1, 85, 1, 125
137+  8917 01 6A 01 AB
137+  891B 01 FF 01 E0
137+  891F 01 01 01 C0
137+  8923 01 00 01 55
137+  8927 01 7D
138+  8929 01 9F 11 FF            DEFB 1, 159, 17, 255, 1, 204, 1, 16, 1, 1, 1, 85, 1, 96, 1, 88, 1, 0, 1, 6, 1, 106
138+  892D 01 CC 01 10
138+  8931 01 01 01 55
138+  8935 01 60 01 58
138+  8939 01 00 01 06
138+  893D 01 6A
139+  893F 01 83 01 40            DEFB 1, 131, 1, 64, 1, 0, 1, 31, 1, 128, 1, 1, 1, 175, 1, 237, 78, 255, 1, 253, 37, 255
139+  8943 01 00 01 1F
139+  8947 01 80 01 01
139+  894B 01 AF 01 ED
139+  894F 4E FF 01 FD
139+  8953 25 FF
140+  8955 01 FD 01 57            DEFB 1, 253, 1, 87, 1, 109, 1, 245, 1, 189, 1, 85, 1, 87, 1, 85, 1, 87, 1, 223, 54, 255
140+  8959 01 6D 01 F5
140+  895D 01 BD 01 55
140+  8961 01 57 01 55
140+  8965 01 57 01 DF
140+  8969 36 FF
141+  896B 01 F3 01 03            DEFB 1, 243, 1, 3, 1, 38, 1, 5, 1, 187, 1, 192, 1, 4, 1, 0, 1, 114, 20, 255, 1, 48
141+  896F 01 26 01 05
141+  8973 01 BB 01 C0
141+  8977 01 04 01 00
141+  897B 01 72 14 FF
141+  897F 01 30
142+  8981 01 42 01 FF            DEFB 1, 66, 1, 255, 2, 85, 1, 127, 1, 128, 1, 6, 1, 128, 1, 0, 1, 170, 1, 254, 1, 111
142+  8985 02 55 01 7F
142+  8989 01 80 01 06
142+  898D 01 80 01 00
142+  8991 01 AA 01 FE
142+  8995 01 6F
143+  8997 11 FF 01 BF            DEFB 17, 255, 1, 191, 1, 192, 1, 10, 1, 171, 1, 224, 1, 96, 1, 0, 1, 4, 1, 52, 1, 15
143+  899B 01 C0 01 0A
143+  899F 01 AB 01 E0
143+  89A3 01 60 01 00
143+  89A7 01 04 01 34
143+  89AB 01 0F
144+  89AD 01 A0 03 00            DEFB 1, 160, 3, 0, 1, 7, 1, 223, 1, 237, 9, 255, 1, 253, 9, 255, 1, 252, 2, 68, 1, 69
144+  89B1 01 07 01 DF
144+  89B5 01 ED 09 FF
144+  89B9 01 FD 09 FF
144+  89BD 01 FC 02 44
144+  89C1 01 45
145+  89C3 01 54 01 4F            DEFB 1, 84, 1, 79, 1, 21, 1, 212, 1, 84, 1, 119, 1, 21, 1, 31, 18, 255, 1, 253, 66, 255
145+  89C7 01 15 01 D4
145+  89CB 01 54 01 77
145+  89CF 01 15 01 1F
145+  89D3 12 FF 01 FD
145+  89D7 42 FF
146+  89D9 01 FD 02 44            DEFB 1, 253, 2, 68, 1, 113, 1, 189, 1, 85, 1, 87, 1, 17, 1, 81, 1, 31, 45, 255, 1, 253
146+  89DD 01 71 01 BD
146+  89E1 01 55 01 57
146+  89E5 01 11 01 51
146+  89E9 01 1F 2D FF
146+  89ED 01 FD
147+  89EF 08 FF 01 EC            DEFB 8, 255, 1, 236, 1, 9, 1, 216, 1, 43, 1, 216, 1, 63, 1, 255, 1, 224, 1, 189, 1, 127
147+  89F3 01 09 01 D8
147+  89F7 01 2B 01 D8
147+  89FB 01 3F 01 FF
147+  89FF 01 E0 01 BD
147+  8A03 01 7F
148+  8A05 12 FF 01 FC            DEFB 18, 255, 1, 252, 1, 193, 1, 1, 1, 126, 2, 170, 1, 190, 1, 0, 1, 7, 1, 64, 1, 5
148+  8A09 01 C1 01 01
148+  8A0D 01 7E 02 AA
148+  8A11 01 BE 01 00
148+  8A15 01 07 01 40
148+  8A19 01 05
149+  8A1B 01 55 01 FF            DEFB 1, 85, 1, 255, 1, 151, 17, 255, 1, 85, 1, 64, 2, 85, 1, 225, 1, 128, 1, 0, 1, 8
149+  8A1F 01 97 11 FF
149+  8A23 01 55 01 40
149+  8A27 02 55 01 E1
149+  8A2B 01 80 01 00
149+  8A2F 01 08
150+  8A31 01 0F 01 F7            DEFB 1, 15, 1, 247, 1, 208, 3, 0, 1, 31, 1, 231, 1, 45, 19, 255, 1, 253, 1, 85, 1, 93
150+  8A35 01 D0 03 00
150+  8A39 01 1F 01 E7
150+  8A3D 01 2D 13 FF
150+  8A41 01 FD 01 55
150+  8A45 01 5D
151+  8A47 01 54 01 45            DEFB 1, 84, 1, 69, 1, 215, 1, 85, 1, 198, 1, 213, 1, 247, 1, 81, 1, 95, 4, 255, 1, 223
151+  8A4B 01 D7 01 55
151+  8A4F 01 C6 01 D5
151+  8A53 01 F7 01 51
151+  8A57 01 5F 04 FF
151+  8A5B 01 DF
152+  8A5D 5C FF 01 7F            DEFB 92, 255, 1, 127, 51, 255, 1, 238, 1, 2, 1, 161, 1, 95, 1, 219, 1, 192, 1, 0, 1, 31
152+  8A61 33 FF 01 EE
152+  8A65 01 02 01 A1
152+  8A69 01 5F 01 DB
152+  8A6D 01 C0 01 00
152+  8A71 01 1F
153+  8A73 01 5D 01 7F            DEFB 1, 93, 1, 127, 5, 255, 1, 254, 12, 255, 1, 243, 1, 4, 1, 0, 1, 185, 1, 213, 1, 85
153+  8A77 05 FF 01 FE
153+  8A7B 0C FF 01 F3
153+  8A7F 01 04 01 00
153+  8A83 01 B9 01 D5
153+  8A87 01 55
154+  8A89 01 58 01 00            DEFB 1, 88, 1, 0, 1, 1, 1, 226, 1, 42, 1, 170, 1, 255, 1, 235, 1, 254, 1, 7, 14, 255
154+  8A8D 01 01 01 E2
154+  8A91 01 2A 01 AA
154+  8A95 01 FF 01 EB
154+  8A99 01 FE 01 07
154+  8A9D 0E FF
155+  8A9F 01 FE 01 AA            DEFB 1, 254, 1, 170, 1, 160, 1, 170, 1, 175, 1, 198, 2, 0, 1, 16, 1, 0, 1, 3, 1, 232
155+  8AA3 01 A0 01 AA
155+  8AA7 01 AF 01 C6
155+  8AAB 02 00 01 10
155+  8AAF 01 00 01 03
155+  8AB3 01 E8
156+  8AB5 03 00 01 7C            DEFB 3, 0, 1, 124, 1, 28, 1, 235, 19, 255, 1, 252, 1, 77, 1, 92, 1, 197, 1, 84, 1, 215
156+  8AB9 01 1C 01 EB
156+  8ABD 13 FF 01 FC
156+  8AC1 01 4D 01 5C
156+  8AC5 01 C5 01 54
156+  8AC9 01 D7
157+  8ACB 01 35 01 D6            DEFB 1, 53, 1, 214, 1, 204, 1, 247, 1, 21, 1, 63, 22, 255, 1, 226, 1, 34, 1, 42, 1, 34
157+  8ACF 01 CC 01 F7
157+  8AD3 01 15 01 3F
157+  8AD7 16 FF 01 E2
157+  8ADB 01 22 01 2A
157+  8ADF 01 22
158+  8AE1 01 38 01 AE            DEFB 1, 56, 1, 174, 1, 34, 1, 56, 22, 255, 1, 127, 82, 255, 1, 254, 13, 255, 1, 219, 1, 149
158+  8AE5 01 22 01 38
158+  8AE9 16 FF 01 7F
158+  8AED 52 FF 01 FE
158+  8AF1 0D FF 01 DB
158+  8AF5 01 95
159+  8AF7 01 5C 01 FE            DEFB 1, 92, 1, 254, 1, 124, 3, 0, 1, 254, 1, 191, 10, 255, 1, 247, 7, 255, 1, 204, 1, 16
159+  8AFB 01 7C 03 00
159+  8AFF 01 FE 01 BF
159+  8B03 0A FF 01 F7
159+  8B07 07 FF 01 CC
159+  8B0B 01 10
160+  8B0D 01 01 01 47            DEFB 1, 1, 1, 71, 1, 250, 1, 170, 1, 224, 2, 0, 1, 31, 1, 85, 1, 87, 1, 255, 1, 245
160+  8B11 01 FA 01 AA
160+  8B15 01 E0 02 00
160+  8B19 01 1F 01 55
160+  8B1D 01 57 01 FF
160+  8B21 01 F5
161+  8B23 01 81 01 FB            DEFB 1, 129, 1, 251, 14, 255, 1, 253, 3, 85, 1, 95, 1, 216, 2, 0, 1, 16, 1, 33, 1, 229
161+  8B27 0E FF 01 FD
161+  8B2B 03 55 01 5F
161+  8B2F 01 D8 02 00
161+  8B33 01 10 01 21
161+  8B37 01 E5
162+  8B39 01 E8 02 00            DEFB 1, 232, 2, 0, 1, 1, 1, 128, 1, 243, 1, 55, 19, 255, 1, 253, 1, 213, 3, 85, 1, 215
162+  8B3D 01 01 01 80
162+  8B41 01 F3 01 37
162+  8B45 13 FF 01 FD
162+  8B49 01 D5 03 55
162+  8B4D 01 D7
163+  8B4F 01 5B 01 D6            DEFB 1, 91, 1, 214, 1, 213, 1, 247, 1, 85, 1, 95, 13, 255, 1, 127, 8, 255, 1, 238, 1, 170
163+  8B53 01 D5 01 F7
163+  8B57 01 55 01 5F
163+  8B5B 0D FF 01 7F
163+  8B5F 08 FF 01 EE
163+  8B63 01 AA
164+  8B65 01 AB 01 6E            DEFB 1, 171, 1, 110, 1, 250, 1, 174, 1, 170, 1, 187, 36, 255, 1, 223, 26, 255, 1, 223, 26, 255
164+  8B69 01 FA 01 AE
164+  8B6D 01 AA 01 BB
164+  8B71 24 FF 01 DF
164+  8B75 1A FF 01 DF
164+  8B79 1A FF
165+  8B7B 01 FC 01 0F            DEFB 1, 252, 1, 15, 2, 255, 1, 224, 1, 127, 23, 255, 1, 213, 1, 106, 1, 191, 1, 57, 1, 135
165+  8B7F 02 FF 01 E0
165+  8B83 01 7F 17 FF
165+  8B87 01 D5 01 6A
165+  8B8B 01 BF 01 39
165+  8B8F 01 87
166+  8B91 01 80 01 00            DEFB 1, 128, 1, 0, 1, 47, 1, 30, 1, 191, 18, 255, 1, 48, 1, 64, 1, 2, 1, 191, 1, 255
166+  8B95 01 2F 01 1E
166+  8B99 01 BF 12 FF
166+  8B9D 01 30 01 40
166+  8BA1 01 02 01 BF
166+  8BA5 01 FF
167+  8BA7 01 7D 01 80            DEFB 1, 125, 1, 128, 1, 15, 1, 248, 1, 1, 1, 234, 1, 175, 1, 255, 1, 244, 1, 126, 1, 5
167+  8BAB 01 0F 01 F8
167+  8BAF 01 01 01 EA
167+  8BB3 01 AF 01 FF
167+  8BB7 01 F4 01 7E
167+  8BBB 01 05
168+  8BBD 0E FF 01 FA            DEFB 14, 255, 1, 250, 1, 170, 1, 174, 1, 170, 1, 255, 1, 224, 2, 0, 1, 16, 1, 65, 1, 226
168+  8BC1 01 AA 01 AE
168+  8BC5 01 AA 01 FF
168+  8BC9 01 E0 02 00
168+  8BCD 01 10 01 41
168+  8BD1 01 E2
169+  8BD3 01 F4 02 00            DEFB 1, 244, 2, 0, 1, 6, 1, 31, 1, 180, 1, 119, 14, 255, 1, 251, 1, 117, 1, 87, 1, 221
169+  8BD7 01 06 01 1F
169+  8BDB 01 B4 01 77
169+  8BDF 0E FF 01 FB
169+  8BE3 01 75 01 57
169+  8BE7 01 DD
170+  8BE9 01 FF 01 80            DEFB 1, 255, 1, 128, 2, 0, 1, 8, 1, 129, 1, 165, 1, 247, 1, 128, 1, 0, 1, 31, 1, 245
170+  8BED 02 00 01 08
170+  8BF1 01 81 01 A5
170+  8BF5 01 F7 01 80
170+  8BF9 01 00 01 1F
170+  8BFD 01 F5
171+  8BFF 01 75 01 97            DEFB 1, 117, 1, 151, 14, 255, 1, 60, 1, 67, 1, 215, 1, 250, 1, 181, 1, 127, 1, 171, 1, 192
171+  8C03 0E FF 01 3C
171+  8C07 01 43 01 D7
171+  8C0B 01 FA 01 B5
171+  8C0F 01 7F 01 AB
171+  8C13 01 C0
172+  8C15 05 00 01 06            DEFB 5, 0, 1, 6, 1, 8, 1, 85, 1, 95, 1, 251, 1, 255, 1, 225, 1, 246, 1, 34, 1, 63
172+  8C19 01 08 01 55
172+  8C1D 01 5F 01 FB
172+  8C21 01 FF 01 E1
172+  8C25 01 F6 01 22
172+  8C29 01 3F
173+  8C2B 02 FF 01 F3            DEFB 2, 255, 1, 243, 1, 191, 4, 255, 1, 189, 1, 204, 1, 159, 1, 215, 1, 234, 1, 175, 1, 254
173+  8C2F 01 BF 04 FF
173+  8C33 01 BD 01 CC
173+  8C37 01 9F 01 D7
173+  8C3B 01 EA 01 AF
173+  8C3F 01 FE
174+  8C41 03 AA 01 AE            DEFB 3, 170, 1, 174, 1, 248, 1, 7, 1, 252, 1, 0, 1, 170, 1, 191, 1, 249, 1, 142, 5, 255
174+  8C45 01 F8 01 07
174+  8C49 01 FC 01 00
174+  8C4D 01 AA 01 BF
174+  8C51 01 F9 01 8E
174+  8C55 05 FF
175+  8C57 01 F7 01 C1            DEFB 1, 247, 1, 193, 1, 197, 1, 175, 4, 255, 1, 185, 1, 251, 1, 191, 1, 95, 1, 170, 1, 171
175+  8C5B 01 C5 01 AF
175+  8C5F 04 FF 01 B9
175+  8C63 01 FB 01 BF
175+  8C67 01 5F 01 AA
175+  8C6B 01 AB
176+  8C6D 01 C3 01 55            DEFB 1, 195, 1, 85, 1, 127, 1, 248, 1, 63, 1, 171, 1, 128, 1, 31, 1, 127, 1, 254, 1, 126
176+  8C71 01 7F 01 F8
176+  8C75 01 3F 01 AB
176+  8C79 01 80 01 1F
176+  8C7D 01 7F 01 FE
176+  8C81 01 7E
177+  8C83 01 FD 01 FF            DEFB 1, 253, 1, 255, 1, 187, 2, 255, 1, 243, 1, 128, 1, 28, 1, 1, 1, 187, 6, 255, 1, 251
177+  8C87 01 BB 02 FF
177+  8C8B 01 F3 01 80
177+  8C8F 01 1C 01 01
177+  8C93 01 BB 06 FF
177+  8C97 01 FB
178+  8C99 01 FD 01 DF            DEFB 1, 253, 1, 223, 1, 252, 1, 61, 1, 171, 1, 232, 1, 47, 1, 127, 1, 234, 1, 197, 1, 101
178+  8C9D 01 FC 01 3D
178+  8CA1 01 AB 01 E8
178+  8CA5 01 2F 01 7F
178+  8CA9 01 EA 01 C5
178+  8CAD 01 65
179+  8CAF 01 7D 01 7A            DEFB 1, 125, 1, 122, 1, 175, 1, 255, 1, 207, 1, 255, 1, 251, 1, 3, 1, 28, 1, 0, 1, 135
179+  8CB3 01 AF 01 FF
179+  8CB7 01 CF 01 FF
179+  8CBB 01 FB 01 03
179+  8CBF 01 1C 01 00
179+  8CC3 01 87
180+  8CC5 01 03 01 BF            DEFB 1, 3, 1, 191, 1, 223, 2, 255, 1, 223, 8, 255, 1, 248, 1, 122, 1, 190, 1, 125, 1, 170
180+  8CC9 01 DF 02 FF
180+  8CCD 01 DF 08 FF
180+  8CD1 01 F8 01 7A
180+  8CD5 01 BE 01 7D
180+  8CD9 01 AA
181+  8CDB 01 AC 01 5E            DEFB 1, 172, 1, 94, 1, 29, 1, 247, 1, 255, 1, 191, 3, 255, 1, 189, 1, 192, 1, 28, 1, 17
181+  8CDF 01 1D 01 F7
181+  8CE3 01 FF 01 BF
181+  8CE7 03 FF 01 BD
181+  8CEB 01 C0 01 1C
181+  8CEF 01 11
182+  8CF1 01 BE 11 FF            DEFB 1, 190, 17, 255, 1, 253, 1, 182, 1, 62, 1, 85, 1, 231, 5, 255, 1, 254, 1, 253, 1, 193
182+  8CF5 01 FD 01 B6
182+  8CF9 01 3E 01 55
182+  8CFD 01 E7 05 FF
182+  8D01 01 FE 01 FD
182+  8D05 01 C1
183+  8D07 01 BE 04 FF            DEFB 1, 190, 4, 255, 1, 60, 10, 0, 5, 255, 1, 224, 1, 127, 7, 255, 1, 254, 1, 238, 10, 255
183+  8D0B 01 3C 0A 00
183+  8D0F 05 FF 01 E0
183+  8D13 01 7F 07 FF
183+  8D17 01 FE 01 EE
183+  8D1B 0A FF
184+  8D1D 01 F7 01 8F            DEFB 1, 247, 1, 143, 1, 171, 1, 255, 1, 254, 3, 0, 1, 4, 1, 1, 1, 162, 1, 255, 1, 248
184+  8D21 01 AB 01 FF
184+  8D25 01 FE 03 00
184+  8D29 01 04 01 01
184+  8D2D 01 A2 01 FF
184+  8D31 01 F8
185+  8D33 01 00 01 7E            DEFB 1, 0, 1, 126, 1, 170, 1, 190, 1, 119, 13, 255, 1, 252, 1, 194, 1, 77, 1, 235, 1, 245
185+  8D37 01 AA 01 BE
185+  8D3B 01 77 0D FF
185+  8D3F 01 FC 01 C2
185+  8D43 01 4D 01 EB
185+  8D47 01 F5
186+  8D49 01 55 01 7F            DEFB 1, 85, 1, 127, 1, 85, 1, 124, 5, 0, 1, 24, 1, 32, 1, 42, 1, 175, 1, 253, 1, 255
186+  8D4D 01 55 01 7C
186+  8D51 05 00 01 18
186+  8D55 01 20 01 2A
186+  8D59 01 AF 01 FD
186+  8D5D 01 FF
187+  8D5F 01 DE 01 E6            DEFB 1, 222, 1, 230, 1, 170, 1, 191, 2, 255, 1, 204, 1, 95, 4, 255, 1, 219, 1, 131, 1, 127
187+  8D63 01 AA 01 BF
187+  8D67 02 FF 01 CC
187+  8D6B 01 5F 04 FF
187+  8D6F 01 DB 01 83
187+  8D73 01 7F
188+  8D75 01 AF 01 D5            DEFB 1, 175, 1, 213, 1, 87, 1, 253, 1, 87, 1, 117, 1, 85, 1, 110, 1, 248, 1, 26, 1, 170
188+  8D79 01 57 01 FD
188+  8D7D 01 57 01 75
188+  8D81 01 55 01 6E
188+  8D85 01 F8 01 1A
188+  8D89 01 AA
189+  8D8B 01 01 01 55            DEFB 1, 1, 1, 85, 1, 255, 1, 250, 1, 46, 5, 255, 1, 204, 1, 224, 1, 227, 1, 111, 4, 255
189+  8D8F 01 FF 01 FA
189+  8D93 01 2E 05 FF
189+  8D97 01 CC 01 E0
189+  8D9B 01 E3 01 6F
189+  8D9F 04 FF
190+  8DA1 01 B9 01 E3            DEFB 1, 185, 1, 227, 1, 248, 1, 191, 1, 85, 1, 87, 1, 131, 1, 234, 1, 175, 1, 240, 1, 255
190+  8DA5 01 F8 01 BF
190+  8DA9 01 55 01 57
190+  8DAD 01 83 01 EA
190+  8DB1 01 AF 01 F0
190+  8DB5 01 FF
191+  8DB7 01 D7 01 00            DEFB 1, 215, 1, 0, 1, 126, 1, 191, 1, 249, 2, 253, 1, 255, 1, 127, 2, 255, 1, 207, 1, 131
191+  8DBB 01 7E 01 BF
191+  8DBF 01 F9 02 FD
191+  8DC3 01 FF 01 7F
191+  8DC7 02 FF 01 CF
191+  8DCB 01 83
192+  8DCD 01 0E 01 00            DEFB 1, 14, 1, 0, 1, 247, 6, 255, 1, 253, 1, 251, 1, 63, 1, 255, 1, 193, 1, 87, 1, 213
192+  8DD1 01 F7 06 FF
192+  8DD5 01 FD 01 FB
192+  8DD9 01 3F 01 FF
192+  8DDD 01 C1 01 57
192+  8DE1 01 D5
193+  8DE3 02 7F 01 D5            DEFB 2, 127, 1, 213, 1, 235, 1, 237, 1, 254, 1, 250, 1, 191, 1, 255, 1, 63, 1, 255, 1, 250
193+  8DE7 01 EB 01 ED
193+  8DEB 01 FE 01 FA
193+  8DEF 01 BF 01 FF
193+  8DF3 01 3F 01 FF
193+  8DF7 01 FA
194+  8DF9 01 FC 01 0E            DEFB 1, 252, 1, 14, 1, 0, 1, 67, 1, 131, 1, 127, 1, 191, 12, 255, 1, 135, 1, 217, 1, 253
194+  8DFD 01 00 01 43
194+  8E01 01 83 01 7F
194+  8E05 01 BF 0C FF
194+  8E09 01 87 01 D9
194+  8E0D 01 FD
195+  8E0F 01 F5 01 70            DEFB 1, 245, 1, 112, 1, 216, 1, 122, 1, 239, 1, 255, 1, 191, 3, 255, 1, 190, 1, 224, 1, 14
195+  8E13 01 D8 01 7A
195+  8E17 01 EF 01 FF
195+  8E1B 01 BF 03 FF
195+  8E1F 01 BE 01 E0
195+  8E23 01 0E
196+  8E25 01 0B 01 7D            DEFB 1, 11, 1, 125, 17, 255, 1, 254, 1, 203, 1, 185, 1, 235, 1, 223, 6, 255, 1, 126, 1, 227
196+  8E29 11 FF 01 FE
196+  8E2D 01 CB 01 B9
196+  8E31 01 EB 01 DF
196+  8E35 06 FF 01 7E
196+  8E39 01 E3
197+  8E3B 01 7D 04 FF            DEFB 1, 125, 4, 255, 1, 66, 1, 24, 2, 60, 1, 126, 1, 0, 1, 254, 1, 60, 1, 62, 1, 254
197+  8E3F 01 42 01 18
197+  8E43 02 3C 01 7E
197+  8E47 01 00 01 FE
197+  8E4B 01 3C 01 3E
197+  8E4F 01 FE
198+  8E51 01 3C 0F FF            DEFB 1, 60, 15, 255, 1, 109, 10, 255, 1, 246, 1, 0, 1, 247, 1, 255, 1, 248, 1, 112, 2, 0
198+  8E55 01 6D 0A FF
198+  8E59 01 F6 01 00
198+  8E5D 01 F7 01 FF
198+  8E61 01 F8 01 70
198+  8E65 02 00
199+  8E67 01 03 01 01            DEFB 1, 3, 1, 1, 1, 229, 1, 255, 1, 239, 1, 129, 1, 213, 1, 85, 1, 89, 1, 151, 13, 255
199+  8E6B 01 E5 01 FF
199+  8E6F 01 EF 01 81
199+  8E73 01 D5 01 55
199+  8E77 01 59 01 97
199+  8E7B 0D FF
200+  8E7D 01 F3 01 0A            DEFB 1, 243, 1, 10, 1, 117, 1, 215, 1, 234, 1, 183, 1, 126, 1, 170, 1, 171, 1, 192, 4, 0
200+  8E81 01 75 01 D7
200+  8E85 01 EA 01 B7
200+  8E89 01 7E 01 AA
200+  8E8D 01 AB 01 C0
200+  8E91 04 00
201+  8E93 01 60 01 80            DEFB 1, 96, 1, 128, 1, 21, 1, 95, 1, 253, 1, 255, 1, 210, 1, 246, 1, 171, 1, 191, 1, 254
201+  8E97 01 15 01 5F
201+  8E9B 01 FD 01 FF
201+  8E9F 01 D2 01 F6
201+  8EA3 01 AB 01 BF
201+  8EA7 01 FE
202+  8EA9 01 3F 01 33            DEFB 1, 63, 1, 51, 1, 95, 4, 255, 1, 236, 1, 185, 1, 249, 1, 215, 2, 170, 1, 250, 1, 168
202+  8EAD 01 5F 04 FF
202+  8EB1 01 EC 01 B9
202+  8EB5 01 F9 01 D7
202+  8EB9 02 AA 01 FA
202+  8EBD 01 A8
203+  8EBF 01 0F 02 AA            DEFB 1, 15, 2, 170, 1, 248, 1, 53, 1, 85, 1, 10, 1, 171, 1, 255, 1, 154, 1, 190, 5, 255
203+  8EC3 01 F8 01 35
203+  8EC7 01 55 01 0A
203+  8ECB 01 AB 01 FF
203+  8ECF 01 9A 01 BE
203+  8ED3 05 FF
204+  8ED5 01 30 01 70            DEFB 1, 48, 1, 112, 1, 118, 1, 223, 4, 255, 1, 189, 1, 131, 1, 231, 1, 94, 1, 170, 1, 171
204+  8ED9 01 76 01 DF
204+  8EDD 04 FF 01 BD
204+  8EE1 01 83 01 E7
204+  8EE5 01 5E 01 AA
204+  8EE9 01 AB
205+  8EEB 01 C0 01 3D            DEFB 1, 192, 1, 61, 1, 87, 1, 195, 1, 255, 1, 170, 1, 241, 1, 255, 1, 127, 1, 231, 1, 253
205+  8EEF 01 57 01 C3
205+  8EF3 01 FF 01 AA
205+  8EF7 01 F1 01 FF
205+  8EFB 01 7F 01 E7
205+  8EFF 01 FD
206+  8F01 01 FF 01 FC            DEFB 1, 255, 1, 252, 1, 255, 1, 3, 1, 255, 1, 49, 1, 193, 1, 135, 1, 4, 1, 111, 6, 255
206+  8F05 01 FF 01 03
206+  8F09 01 FF 01 31
206+  8F0D 01 C1 01 87
206+  8F11 01 04 01 6F
206+  8F15 06 FF
207+  8F17 01 FE 01 7C            DEFB 1, 254, 1, 124, 2, 255, 1, 250, 1, 171, 1, 170, 1, 239, 1, 127, 1, 235, 1, 215, 1, 239
207+  8F1B 02 FF 01 FA
207+  8F1F 01 AB 01 AA
207+  8F23 01 EF 01 7F
207+  8F27 01 EB 01 D7
207+  8F2B 01 EF
208+  8F2D 01 E5 01 7A            DEFB 1, 229, 1, 122, 1, 252, 1, 124, 2, 255, 1, 251, 1, 40, 1, 7, 1, 4, 1, 33, 1, 198
208+  8F31 01 FC 01 7C
208+  8F35 02 FF 01 FB
208+  8F39 01 28 01 07
208+  8F3D 01 04 01 21
208+  8F41 01 C6
209+  8F43 01 FE 01 7F            DEFB 1, 254, 1, 127, 4, 255, 1, 247, 7, 255, 1, 248, 1, 103, 1, 254, 1, 30, 1, 197, 1, 89
209+  8F47 04 FF 01 F7
209+  8F4B 07 FF 01 F8
209+  8F4F 01 67 01 FE
209+  8F53 01 1E 01 C5
209+  8F57 01 59
210+  8F59 01 B5 01 EF            DEFB 1, 181, 1, 239, 1, 254, 1, 127, 3, 255, 1, 191, 1, 112, 1, 7, 1, 6, 1, 251, 18, 255
210+  8F5D 01 FE 01 7F
210+  8F61 03 FF 01 BF
210+  8F65 01 70 01 07
210+  8F69 01 06 01 FB
210+  8F6D 12 FF
211+  8F6F 01 3A 01 67            DEFB 1, 58, 1, 103, 1, 215, 1, 63, 6, 255, 1, 191, 1, 126, 1, 251, 4, 255, 1, 90, 1, 40
211+  8F73 01 D7 01 3F
211+  8F77 06 FF 01 BF
211+  8F7B 01 7E 01 FB
211+  8F7F 04 FF 01 5A
211+  8F83 01 28
212+  8F85 02 42 01 02            DEFB 2, 66, 1, 2, 1, 0, 1, 16, 1, 66, 1, 8, 1, 16, 1, 66, 15, 255, 1, 171, 10, 255
212+  8F89 01 00 01 10
212+  8F8D 01 42 01 08
212+  8F91 01 10 01 42
212+  8F95 0F FF 01 AB
212+  8F99 0A FF
213+  8F9B 01 E8 01 01            DEFB 1, 232, 1, 1, 1, 235, 1, 255, 1, 225, 1, 136, 3, 0, 1, 240, 1, 7, 1, 255, 1, 212
213+  8F9F 01 EB 01 FF
213+  8FA3 01 E1 01 88
213+  8FA7 03 00 01 F0
213+  8FAB 01 07 01 FF
213+  8FAF 01 D4
214+  8FB1 01 7E 02 AA            DEFB 1, 126, 2, 170, 1, 186, 1, 59, 13, 255, 1, 236, 1, 22, 1, 87, 1, 235, 1, 245, 1, 88
214+  8FB5 01 BA 01 3B
214+  8FB9 0D FF 01 EC
214+  8FBD 01 16 01 57
214+  8FC1 01 EB 01 F5
214+  8FC5 01 58
215+  8FC7 01 FF 02 55            DEFB 1, 255, 2, 85, 1, 124, 3, 0, 1, 1, 1, 130, 1, 0, 1, 31, 1, 255, 1, 253, 1, 255
215+  8FCB 01 7C 03 00
215+  8FCF 01 01 01 82
215+  8FD3 01 00 01 1F
215+  8FD7 01 FF 01 FD
215+  8FDB 01 FF
216+  8FDD 01 D6 01 F6            DEFB 1, 214, 1, 246, 1, 35, 1, 191, 1, 253, 1, 220, 1, 216, 1, 175, 4, 255, 1, 240, 1, 197
216+  8FE1 01 23 01 BF
216+  8FE5 01 FD 01 DC
216+  8FE9 01 D8 01 AF
216+  8FED 04 FF 01 F0
216+  8FF1 01 C5
217+  8FF3 01 E1 01 AF            DEFB 1, 225, 1, 175, 1, 213, 1, 85, 1, 253, 1, 112, 1, 0, 1, 253, 1, 106, 1, 245, 1, 106
217+  8FF7 01 D5 01 55
217+  8FFB 01 FD 01 70
217+  8FFF 01 00 01 FD
217+  9003 01 6A 01 F5
217+  9007 01 6A
218+  9009 01 AA 01 D5            DEFB 1, 170, 1, 213, 1, 87, 1, 254, 1, 122, 1, 243, 1, 127, 3, 255, 1, 252, 1, 192, 1, 56
218+  900D 01 57 01 FE
218+  9011 01 7A 01 F3
218+  9015 01 7F 03 FF
218+  9019 01 FC 01 C0
218+  901D 01 38
219+  901F 01 3D 01 DF            DEFB 1, 61, 1, 223, 1, 239, 3, 255, 1, 219, 1, 99, 1, 158, 1, 191, 1, 85, 1, 87, 1, 252
219+  9023 01 EF 03 FF
219+  9027 01 DB 01 63
219+  902B 01 9E 01 BF
219+  902F 01 55 01 57
219+  9033 01 FC
220+  9035 01 03 01 EF            DEFB 1, 3, 1, 239, 1, 15, 1, 255, 1, 84, 1, 15, 1, 206, 1, 191, 1, 159, 1, 253, 1, 255
220+  9039 01 0F 01 FF
220+  903D 01 54 01 0F
220+  9041 01 CE 01 BF
220+  9045 01 9F 01 FD
220+  9049 01 FF
221+  904B 01 F3 01 FE            DEFB 1, 243, 1, 254, 1, 253, 1, 252, 1, 208, 1, 224, 1, 195, 1, 204, 1, 95, 7, 255, 1, 131
221+  904F 01 FD 01 FC
221+  9053 01 D0 01 E0
221+  9057 01 C3 01 CC
221+  905B 01 5F 07 FF
221+  905F 01 83
222+  9061 02 FF 01 FB            DEFB 2, 255, 1, 251, 1, 87, 1, 213, 1, 126, 1, 255, 1, 215, 1, 159, 1, 207, 1, 158, 1, 247
222+  9065 01 57 01 D5
222+  9069 01 7E 01 FF
222+  906D 01 D7 01 9F
222+  9071 01 CF 01 9E
222+  9075 01 F7
223+  9077 01 F1 01 D3            DEFB 1, 241, 1, 211, 2, 255, 1, 253, 1, 248, 1, 3, 1, 130, 1, 16, 1, 253, 1, 241, 14, 255
223+  907B 02 FF 01 FD
223+  907F 01 F8 01 03
223+  9083 01 82 01 10
223+  9087 01 FD 01 F1
223+  908B 0E FF
224+  908D 01 9F 01 FF            DEFB 1, 159, 1, 255, 1, 225, 1, 234, 1, 222, 1, 187, 1, 239, 1, 249, 4, 255, 1, 223, 1, 184
224+  9091 01 E1 01 EA
224+  9095 01 DE 01 BB
224+  9099 01 EF 01 F9
224+  909D 04 FF 01 DF
224+  90A1 01 B8
225+  90A3 01 03 01 8D            DEFB 1, 3, 1, 141, 1, 247, 18, 255, 1, 251, 1, 159, 1, 238, 7, 255, 1, 223, 1, 189, 1, 247
225+  90A7 01 F7 12 FF
225+  90AB 01 FB 01 9F
225+  90AF 01 EE 07 FF
225+  90B3 01 DF 01 BD
225+  90B7 01 F7
226+  90B9 04 FF 01 52            DEFB 4, 255, 1, 82, 1, 8, 1, 66, 1, 60, 1, 4, 1, 0, 1, 16, 1, 66, 1, 8, 1, 16
226+  90BD 01 08 01 42
226+  90C1 01 3C 01 04
226+  90C5 01 00 01 10
226+  90C9 01 42 01 08
226+  90CD 01 10
227+  90CF 01 42 05 FF            DEFB 1, 66, 5, 255, 1, 247, 9, 255, 1, 215, 10, 255, 1, 208, 1, 7, 1, 245, 1, 255, 1, 135
227+  90D3 01 F7 09 FF
227+  90D7 01 D7 0A FF
227+  90DB 01 D0 01 07
227+  90DF 01 F5 01 FF
227+  90E3 01 87
228+  90E5 01 0C 03 00            DEFB 1, 12, 3, 0, 1, 15, 1, 255, 1, 254, 1, 170, 1, 7, 1, 213, 1, 85, 1, 90, 1, 187
228+  90E9 01 0F 01 FF
228+  90ED 01 FE 01 AA
228+  90F1 01 07 01 D5
228+  90F5 01 55 01 5A
228+  90F9 01 BB
229+  90FB 0B FF 01 7F            DEFB 11, 255, 1, 127, 1, 255, 1, 222, 1, 174, 1, 223, 1, 215, 1, 234, 1, 175, 1, 254, 2, 170
229+  90FF 01 FF 01 DE
229+  9103 01 AE 01 DF
229+  9107 01 D7 01 EA
229+  910B 01 AF 01 FE
229+  910F 02 AA
230+  9111 01 AB 01 C0            DEFB 1, 171, 1, 192, 1, 224, 1, 0, 1, 6, 1, 8, 1, 0, 1, 175, 1, 255, 1, 253, 1, 255
230+  9115 01 E0 01 00
230+  9119 01 06 01 08
230+  911D 01 00 01 AF
230+  9121 01 FF 01 FD
230+  9125 01 FF
231+  9127 01 D2 01 F7            DEFB 1, 210, 1, 247, 1, 171, 1, 127, 1, 250, 1, 35, 1, 12, 1, 175, 4, 255, 1, 243, 1, 13
231+  912B 01 AB 01 7F
231+  912F 01 FA 01 23
231+  9133 01 0C 01 AF
231+  9137 04 FF 01 F3
231+  913B 01 0D
232+  913D 01 87 01 5F            DEFB 1, 135, 1, 95, 2, 170, 1, 250, 1, 222, 1, 1, 1, 138, 1, 174, 1, 250, 1, 213, 1, 85
232+  9141 02 AA 01 FA
232+  9145 01 DE 01 01
232+  9149 01 8A 01 AE
232+  914D 01 FA 01 D5
232+  9151 01 55
233+  9153 01 6A 01 BF            DEFB 1, 106, 1, 191, 1, 255, 1, 155, 1, 199, 1, 127, 3, 255, 1, 243, 1, 193, 1, 28, 1, 59
233+  9157 01 FF 01 9B
233+  915B 01 C7 01 7F
233+  915F 03 FF 01 F3
233+  9163 01 C1 01 1C
233+  9167 01 3B
234+  9169 01 BF 04 FF            DEFB 1, 191, 4, 255, 1, 236, 1, 154, 1, 125, 1, 126, 1, 170, 2, 171, 1, 192, 2, 60, 1, 238
234+  916D 01 EC 01 9A
234+  9171 01 7D 01 7E
234+  9175 01 AA 02 AB
234+  9179 01 C0 02 3C
234+  917D 01 EE
235+  917F 01 AC 01 07            DEFB 1, 172, 1, 7, 1, 15, 1, 126, 1, 127, 1, 253, 1, 255, 1, 207, 1, 253, 1, 2, 1, 243
235+  9183 01 0F 01 7E
235+  9187 01 7F 01 FD
235+  918B 01 FF 01 CF
235+  918F 01 FD 01 02
235+  9193 01 F3
236+  9195 01 80 01 70            DEFB 1, 128, 1, 112, 1, 97, 1, 240, 1, 95, 10, 255, 1, 250, 1, 171, 1, 170, 1, 238, 1, 254
236+  9199 01 61 01 F0
236+  919D 01 5F 0A FF
236+  91A1 01 FA 01 AB
236+  91A5 01 AA 01 EE
236+  91A9 01 FE
237+  91AB 01 AB 01 9F            DEFB 1, 171, 1, 159, 1, 14, 1, 125, 1, 119, 1, 199, 1, 207, 2, 255, 1, 253, 1, 252, 1, 1
237+  91AF 01 0E 01 7D
237+  91B3 01 77 01 C7
237+  91B7 01 CF 02 FF
237+  91BB 01 FD 01 FC
237+  91BF 01 01
238+  91C1 01 C1 01 08            DEFB 1, 193, 1, 8, 1, 123, 1, 239, 16, 255, 1, 251, 1, 215, 1, 218, 1, 245, 1, 239, 1, 231
238+  91C5 01 7B 01 EF
238+  91C9 10 FF 01 FB
238+  91CD 01 D7 01 DA
238+  91D1 01 F5 01 EF
238+  91D5 01 E7
239+  91D7 02 FF 01 BF            DEFB 2, 255, 1, 191, 1, 255, 1, 239, 1, 220, 1, 1, 1, 251, 1, 239, 18, 255, 1, 253, 1, 255
239+  91DB 01 FF 01 EF
239+  91DF 01 DC 01 01
239+  91E3 01 FB 01 EF
239+  91E7 12 FF 01 FD
239+  91EB 01 FF
240+  91ED 01 DD 07 FF            DEFB 1, 221, 7, 255, 1, 239, 1, 219, 1, 239, 4, 255, 1, 90, 1, 8, 1, 62, 1, 66, 1, 8
240+  91F1 01 EF 01 DB
240+  91F5 01 EF 04 FF
240+  91F9 01 5A 01 08
240+  91FD 01 3E 01 42
240+  9201 01 08
241+  9203 01 00 01 10            DEFB 1, 0, 1, 16, 1, 126, 1, 8, 1, 16, 1, 66, 15, 255, 1, 239, 10, 255, 1, 175, 1, 31
241+  9207 01 7E 01 08
241+  920B 01 10 01 42
241+  920F 0F FF 01 EF
241+  9213 0A FF 01 AF
241+  9217 01 1F
242+  9219 01 EB 01 FE            DEFB 1, 235, 1, 254, 1, 8, 1, 156, 3, 0, 1, 1, 1, 255, 1, 253, 1, 84, 1, 0, 1, 106
242+  921D 01 08 01 9C
242+  9221 03 00 01 01
242+  9225 01 FF 01 FD
242+  9229 01 54 01 00
242+  922D 01 6A
243+  922F 01 AA 01 BA            DEFB 1, 170, 1, 186, 1, 251, 13, 255, 1, 189, 1, 126, 1, 254, 1, 111, 1, 245, 1, 95, 1, 253
243+  9233 01 FB 0D FF
243+  9237 01 BD 01 7E
243+  923B 01 FE 01 6F
243+  923F 01 F5 01 5F
243+  9243 01 FD
244+  9245 03 55 01 7F            DEFB 3, 85, 1, 127, 1, 16, 1, 0, 1, 24, 1, 32, 1, 1, 1, 87, 1, 255, 1, 229, 1, 255
244+  9249 01 10 01 00
244+  924D 01 18 01 20
244+  9251 01 01 01 57
244+  9255 01 FF 01 E5
244+  9259 01 FF
245+  925B 01 DE 01 F6            DEFB 1, 222, 1, 246, 1, 171, 1, 127, 1, 244, 1, 30, 1, 6, 1, 47, 4, 255, 1, 236, 1, 21
245+  925F 01 AB 01 7F
245+  9263 01 F4 01 1E
245+  9267 01 06 01 2F
245+  926B 04 FF 01 EC
245+  926F 01 15
246+  9271 01 9B 01 AF            DEFB 1, 155, 1, 175, 1, 213, 1, 85, 1, 247, 1, 193, 1, 230, 1, 61, 1, 113, 1, 245, 1, 175
246+  9275 01 D5 01 55
246+  9279 01 F7 01 C1
246+  927D 01 E6 01 3D
246+  9281 01 71 01 F5
246+  9285 01 AF
247+  9287 01 AA 01 F5            DEFB 1, 170, 1, 245, 1, 255, 1, 254, 1, 61, 1, 23, 1, 127, 3, 255, 1, 204, 1, 225, 1, 142
247+  928B 01 FF 01 FE
247+  928F 01 3D 01 17
247+  9293 01 7F 03 FF
247+  9297 01 CC 01 E1
247+  929B 01 8E
248+  929D 01 37 01 7F            DEFB 1, 55, 1, 127, 4, 255, 1, 243, 1, 237, 1, 254, 1, 191, 1, 213, 1, 87, 1, 129, 1, 124
248+  92A1 04 FF 01 F3
248+  92A5 01 ED 01 FE
248+  92A9 01 BF 01 D5
248+  92AD 01 57 01 81
248+  92B1 01 7C
249+  92B3 01 00 01 F3            DEFB 1, 0, 1, 243, 1, 245, 1, 87, 1, 196, 1, 62, 1, 185, 1, 231, 1, 253, 1, 255, 1, 63
249+  92B7 01 F5 01 57
249+  92BB 01 C4 01 3E
249+  92BF 01 B9 01 E7
249+  92C3 01 FD 01 FF
249+  92C7 01 3F
250+  92C9 01 FA 01 01            DEFB 1, 250, 1, 1, 1, 76, 1, 128, 1, 56, 1, 48, 1, 224, 1, 223, 10, 255, 1, 253, 1, 215
250+  92CD 01 4C 01 80
250+  92D1 01 38 01 30
250+  92D5 01 E0 01 DF
250+  92D9 0A FF 01 FD
250+  92DD 01 D7
251+  92DF 01 D5 01 DE            DEFB 1, 213, 1, 222, 1, 248, 1, 215, 1, 220, 1, 201, 1, 250, 1, 247, 1, 30, 1, 95, 2, 255
251+  92E3 01 F8 01 D7
251+  92E7 01 DC 01 C9
251+  92EB 01 FA 01 F7
251+  92EF 01 1E 01 5F
251+  92F3 02 FF
252+  92F5 01 FE 01 EE            DEFB 1, 254, 1, 238, 1, 0, 1, 224, 1, 132, 1, 119, 1, 223, 16, 255, 1, 251, 1, 159, 1, 155
252+  92F9 01 00 01 E0
252+  92FD 01 84 01 77
252+  9301 01 DF 10 FF
252+  9305 01 FB 01 9F
252+  9309 01 9B
253+  930B 01 EB 01 EF            DEFB 1, 235, 1, 239, 1, 159, 4, 255, 1, 247, 1, 238, 1, 0, 1, 247, 1, 223, 18, 255, 1, 254
253+  930F 01 9F 04 FF
253+  9313 01 F7 01 EE
253+  9317 01 00 01 F7
253+  931B 01 DF 12 FF
253+  931F 01 FE
254+  9321 01 FF 01 BB            DEFB 1, 255, 1, 187, 7, 255, 1, 247, 1, 231, 1, 223, 4, 255, 1, 66, 1, 8, 1, 2, 1, 66
254+  9325 07 FF 01 F7
254+  9329 01 E7 01 DF
254+  932D 04 FF 01 42
254+  9331 01 08 01 02
254+  9335 01 42
255+  9337 01 10 01 00            DEFB 1, 16, 1, 0, 1, 16, 1, 66, 1, 8, 1, 16, 1, 66, 26, 255, 1, 160, 1, 252, 1, 245
255+  933B 01 10 01 42
255+  933F 01 08 01 10
255+  9343 01 42 1A FF
255+  9347 01 A0 01 FC
255+  934B 01 F5
256+  934D 01 FA 01 17            DEFB 1, 250, 1, 23, 1, 127, 1, 192, 3, 0, 1, 63, 1, 170, 1, 160, 1, 0, 1, 125, 1, 85
256+  9351 01 7F 01 C0
256+  9355 03 00 01 3F
256+  9359 01 AA 01 A0
256+  935D 01 00 01 7D
256+  9361 01 55
257+  9363 01 5B 01 FB            DEFB 1, 91, 1, 251, 13, 255, 1, 185, 1, 252, 1, 249, 1, 215, 1, 234, 1, 175, 1, 254, 3, 170
257+  9367 0D FF 01 B9
257+  936B 01 FC 01 F9
257+  936F 01 D7 01 EA
257+  9373 01 AF 01 FE
257+  9377 03 AA
258+  9379 01 AE 01 18            DEFB 1, 174, 1, 24, 1, 0, 1, 96, 1, 128, 1, 10, 1, 175, 1, 255, 1, 158, 1, 255, 1, 225
258+  937D 01 00 01 60
258+  9381 01 80 01 0A
258+  9385 01 AF 01 FF
258+  9389 01 9E 01 FF
258+  938D 01 E1
259+  938F 01 E2 01 23            DEFB 1, 226, 1, 35, 1, 127, 1, 246, 1, 55, 1, 19, 1, 111, 4, 255, 1, 222, 1, 173, 1, 235
259+  9393 01 7F 01 F6
259+  9397 01 37 01 13
259+  939B 01 6F 04 FF
259+  939F 01 DE 01 AD
259+  93A3 01 EB
260+  93A5 01 5F 01 AA            DEFB 1, 95, 1, 170, 1, 171, 1, 255, 1, 124, 1, 24, 1, 254, 1, 191, 1, 235, 1, 88, 1, 253
260+  93A9 01 AB 01 FF
260+  93AD 01 7C 01 18
260+  93B1 01 FE 01 BF
260+  93B5 01 EB 01 58
260+  93B9 01 FD
261+  93BB 01 7F 01 FF            DEFB 1, 127, 1, 255, 1, 254, 1, 189, 1, 95, 1, 127, 3, 255, 1, 52, 1, 112, 1, 199, 1, 238
261+  93BF 01 FE 01 BD
261+  93C3 01 5F 01 7F
261+  93C7 03 FF 01 34
261+  93CB 01 70 01 C7
261+  93CF 01 EE
262+  93D1 06 FF 01 EF            DEFB 6, 255, 1, 239, 1, 253, 1, 120, 1, 62, 1, 175, 1, 168, 1, 235, 1, 195, 1, 207, 1, 234
262+  93D5 01 FD 01 78
262+  93D9 01 3E 01 AF
262+  93DD 01 A8 01 EB
262+  93E1 01 C3 01 CF
262+  93E5 01 EA
263+  93E7 01 AC 01 24            DEFB 1, 172, 1, 36, 1, 221, 1, 123, 1, 143, 1, 255, 1, 252, 1, 255, 1, 250, 1, 1, 1, 56
263+  93EB 01 DD 01 7B
263+  93EF 01 8F 01 FF
263+  93F3 01 FC 01 FF
263+  93F7 01 FA 01 01
263+  93FB 01 38
264+  93FD 01 00 01 1C            DEFB 1, 0, 1, 28, 1, 16, 1, 127, 1, 223, 10, 255, 1, 254, 1, 122, 1, 170, 1, 254, 1, 230
264+  9401 01 10 01 7F
264+  9405 01 DF 0A FF
264+  9409 01 FE 01 7A
264+  940D 01 AA 01 FE
264+  9411 01 E6
265+  9413 01 AB 01 BC            DEFB 1, 171, 1, 188, 1, 55, 1, 253, 1, 244, 1, 121, 1, 223, 3, 255, 1, 55, 1, 0, 1, 112
265+  9417 01 37 01 FD
265+  941B 01 F4 01 79
265+  941F 01 DF 03 FF
265+  9423 01 37 01 00
265+  9427 01 70
266+  9429 01 42 01 6F            DEFB 1, 66, 1, 111, 1, 191, 16, 255, 1, 251, 1, 158, 1, 63, 1, 245, 1, 238, 1, 127, 4, 255
266+  942D 01 BF 10 FF
266+  9431 01 FB 01 9E
266+  9435 01 3F 01 F5
266+  9439 01 EE 01 7F
266+  943D 04 FF
267+  943F 01 FB 01 F7            DEFB 1, 251, 1, 247, 1, 0, 1, 239, 1, 191, 19, 255, 1, 127, 1, 231, 7, 255, 1, 251, 1, 239
267+  9443 01 00 01 EF
267+  9447 01 BF 13 FF
267+  944B 01 7F 01 E7
267+  944F 07 FF 01 FB
267+  9453 01 EF
268+  9455 01 BF 04 FF            DEFB 1, 191, 4, 255, 1, 60, 1, 62, 2, 60, 1, 16, 1, 0, 1, 16, 1, 66, 1, 62, 1, 16
268+  9459 01 3C 01 3E
268+  945D 02 3C 01 10
268+  9461 01 00 01 10
268+  9465 01 42 01 3E
268+  9469 01 10
269+  946B 01 3C 1A FF            DEFB 1, 60, 26, 255, 1, 160, 1, 112, 1, 235, 1, 245, 1, 87, 1, 127, 1, 124, 3, 0, 1, 1
269+  946F 01 A0 01 70
269+  9473 01 EB 01 F5
269+  9477 01 57 01 7F
269+  947B 01 7C 03 00
269+  947F 01 01
270+  9481 01 55 01 00            DEFB 1, 85, 1, 0, 1, 1, 1, 135, 1, 170, 1, 175, 1, 251, 7, 255, 1, 252, 1, 127, 4, 255
270+  9485 01 01 01 87
270+  9489 01 AA 01 AF
270+  948D 01 FB 07 FF
270+  9491 01 FC 01 7F
270+  9495 04 FF
271+  9497 01 B9 01 F0            DEFB 1, 185, 1, 240, 1, 231, 1, 175, 1, 213, 1, 95, 1, 253, 3, 85, 1, 81, 1, 56, 1, 1
271+  949B 01 E7 01 AF
271+  949F 01 D5 01 5F
271+  94A3 01 FD 03 55
271+  94A7 01 51 01 38
271+  94AB 01 01
272+  94AD 01 82 01 00            DEFB 1, 130, 1, 0, 1, 21, 1, 95, 1, 254, 1, 102, 5, 255, 1, 245, 1, 195, 1, 137, 1, 239
272+  94B1 01 15 01 5F
272+  94B5 01 FE 01 66
272+  94B9 05 FF 01 F5
272+  94BD 01 C3 01 89
272+  94C1 01 EF
273+  94C3 04 FF 01 BD            DEFB 4, 255, 1, 189, 1, 125, 1, 174, 1, 175, 2, 85, 1, 242, 1, 171, 1, 195, 1, 251, 1, 255
273+  94C7 01 7D 01 AE
273+  94CB 01 AF 02 55
273+  94CF 01 F2 01 AB
273+  94D3 01 C3 01 FB
273+  94D7 01 FF
274+  94D9 01 D7 01 E0            DEFB 1, 215, 1, 224, 1, 14, 1, 191, 1, 255, 1, 254, 1, 189, 2, 127, 2, 255, 1, 252, 1, 192
274+  94DD 01 0E 01 BF
274+  94E1 01 FF 01 FE
274+  94E5 01 BD 02 7F
274+  94E9 02 FF 01 FC
274+  94ED 01 C0
275+  94EF 01 38 01 63            DEFB 1, 56, 1, 99, 1, 221, 6, 255, 1, 247, 1, 254, 1, 231, 1, 195, 1, 215, 1, 85, 1, 65
275+  94F3 01 DD 06 FF
275+  94F7 01 F7 01 FE
275+  94FB 01 E7 01 C3
275+  94FF 01 D7 01 55
275+  9503 01 41
276+  9505 01 7F 01 3F            DEFB 1, 127, 1, 63, 1, 213, 1, 112, 1, 167, 1, 94, 1, 250, 1, 47, 1, 255, 1, 243, 1, 255
276+  9509 01 D5 01 70
276+  950D 01 A7 01 5E
276+  9511 01 FA 01 2F
276+  9515 01 FF 01 F3
276+  9519 01 FF
277+  951B 01 FA 01 01            DEFB 1, 250, 1, 1, 1, 248, 1, 0, 1, 14, 1, 2, 1, 213, 1, 223, 11, 255, 1, 135, 1, 213
277+  951F 01 F8 01 00
277+  9523 01 0E 01 02
277+  9527 01 D5 01 DF
277+  952B 0B FF 01 87
277+  952F 01 D5
278+  9531 01 DF 01 9D            DEFB 1, 223, 1, 157, 1, 85, 1, 215, 1, 159, 1, 154, 1, 247, 1, 231, 1, 223, 3, 255, 1, 187
278+  9535 01 55 01 D7
278+  9539 01 9F 01 9A
278+  953D 01 F7 01 E7
278+  9541 01 DF 03 FF
278+  9545 01 BB
279+  9547 01 80 01 38            DEFB 1, 128, 1, 56, 1, 33, 1, 223, 1, 127, 16, 255, 1, 251, 1, 220, 1, 63, 1, 171, 1, 249
279+  954B 01 21 01 DF
279+  954F 01 7F 10 FF
279+  9553 01 FB 01 DC
279+  9557 01 3F 01 AB
279+  955B 01 F9
280+  955D 05 FF 01 FD            DEFB 5, 255, 1, 253, 1, 251, 1, 128, 1, 223, 1, 127, 19, 255, 2, 159, 7, 255, 1, 253, 1, 239
280+  9561 01 FB 01 80
280+  9565 01 DF 01 7F
280+  9569 13 FF 02 9F
280+  956D 07 FF 01 FD
280+  9571 01 EF
281+  9573 01 7F 04 FF            DEFB 1, 127, 4, 255, 11, 0, 21, 255, 6, 120, 21, 80, 10, 120, 21, 80, 11, 120, 21, 80, 11, 120
281+  9577 0B 00 15 FF
281+  957B 06 78 15 50
281+  957F 0A 78 15 50
281+  9583 0B 78 15 50
281+  9587 0B 78
282+  9589 15 50 2C 78            DEFB 21, 80, 44, 120, 20, 104, 10, 120, 22, 104, 10, 120, 22, 104, 16, 120, 13, 88, 18, 120, 14, 88
282+  958D 14 68 0A 78
282+  9591 16 68 0A 78
282+  9595 16 68 10 78
282+  9599 0D 58 12 78
282+  959D 0E 58
283+  959F 14 78 0C 58            DEFB 20, 120, 12, 88, 20, 120, 10, 88, 18, 120, 17, 104, 12, 120, 20, 104, 12, 120, 25, 104, 1, 120
283+  95A3 14 78 0A 58
283+  95A7 12 78 11 68
283+  95AB 0C 78 14 68
283+  95AF 0C 78 19 68
283+  95B3 01 78
284+  95B5 01 68 02 78            DEFB 1, 104, 2, 120, 24, 104, 1, 120, 1, 104, 1, 120, 1, 104, 1, 120, 1, 104, 4, 120, 22, 104
284+  95B9 18 68 01 78
284+  95BD 01 68 01 78
284+  95C1 01 68 01 78
284+  95C5 01 68 04 78
284+  95C9 16 68
285+  95CB 01 28 01 68            DEFB 1, 40, 1, 104, 1, 40, 1, 104, 1, 120, 1, 104, 4, 120, 20, 104, 1, 40, 1, 88, 3, 96
285+  95CF 01 28 01 68
285+  95D3 01 78 01 68
285+  95D7 04 78 14 68
285+  95DB 01 28 01 58
285+  95DF 03 60
286+  95E1 01 68 01 78            DEFB 1, 104, 1, 120, 1, 104, 4, 120, 20, 104, 1, 120, 1, 104, 1, 40, 1, 104, 1, 120, 1, 104
286+  95E5 01 68 04 78
286+  95E9 14 68 01 78
286+  95ED 01 68 01 28
286+  95F1 01 68 01 78
286+  95F5 01 68
287+  95F7 01 78 01 68            DEFB 1, 120, 1, 104, 4, 120, 20, 104, 1, 120, 1, 104, 1, 120, 1, 104, 1, 120, 1, 104, 1, 120
287+  95FB 04 78 14 68
287+  95FF 01 78 01 68
287+  9603 01 78 01 68
287+  9607 01 78 01 68
287+  960B 01 78
288+  960D 01 68 04 78            DEFB 1, 104, 4, 120, 20, 104, 1, 120, 1, 104, 1, 120, 1, 104, 1, 120, 1, 104, 1, 120, 1, 104
288+  9611 14 68 01 78
288+  9615 01 68 01 78
288+  9619 01 68 01 78
288+  961D 01 68 01 78
288+  9621 01 68
289+  9623 05 78 11 68            DEFB 5, 120, 17, 104, 3, 120, 1, 104, 1, 120, 1, 104, 1, 120, 1, 104, 1, 120, 1, 104, 1, 120
289+  9627 03 78 01 68
289+  962B 01 78 01 68
289+  962F 01 78 01 68
289+  9633 01 78 01 68
289+  9637 01 78
290+  9639 17 68 01 78            DEFB 23, 104, 1, 120, 1, 104, 1, 120, 1, 104, 1, 120, 1, 104, 1, 120, 1, 104, 1, 120, 11, 71
290+  963D 01 68 01 78
290+  9641 01 68 01 78
290+  9645 01 68 01 78
290+  9649 01 68 01 78
290+  964D 0B 47
291+  964F 02 40 08 68            DEFB 2, 64, 8, 104, 1, 120, 1, 104, 1, 120, 1, 104, 1, 120, 1, 104, 3, 120, 1, 104, 0
291+  9653 01 78 01 68
291+  9657 01 78 01 68
291+  965B 01 78 01 68
291+  965F 03 78 01 68
291+  9663 00
292+  9664
293+  9664
294+  9664
# file closed: Pantalla_Inicio.asm
 28   9664                      INCLUDE "L30.3 - printat.asm"
# file opened: L30.3 - printat.asm
  1+  9664              ; -------------------------------
  2+  9664              ; ZX Spectrum Text print library
  3+  9664              ; Daniel León - AOC - UFV 2020
  4+  9664              ; -------------------------------
  5+  9664
  6+  9664
  7+  9664              ; ----------------------------------------------------------------------------------------
  8+  9664              ; PRINTAT - Print a string in a position and attributes as per registers:
  9+  9664              ;		IN	A	: Bit 7=1 For Flash / Bit 6=1 For Brigh / Bit 5,4,3 for Paper / Bit 2,1,0 for Ink
 10+  9664              ;		IN	B	: Row 0..23
 11+  9664              ;		IN	C	: Column 0..31
 12+  9664              ;		IN	IX	: Address of text (Text must end in a 0)
 13+  9664              ; ----------------------------------------------------------------------------------------
 14+  9664 CD 73 96     PRINTAT:	CALL PREP_PRT				; Update Attribute var &Screen & Attributes pointers
 15+  9667              ; ----------------------------------------------------------------------------------------
 16+  9667              ;		VVV Do not move PRINTSTR below as PRINTAT continues into PRINTSTR routine
 17+  9667              ; ----------------------------------------------------------------------------------------
 18+  9667              ; PRINTSTR - Prints String - IX Points to the String start
 19+  9667              ; ----------------------------------------------------------------------------------------
 20+  9667 DD 7E 00     PRINTSTR:   LD A,(IX)					; A Contains first char to print
 21+  966A B7           			OR A						; check for end of string (0)
 22+  966B C8           			RET Z						; Finish printing if 0
 23+  966C CD A1 96     			CALL PRINTCHNUM
 24+  966F DD 23        			INC IX						; Move to next char in string
 25+  9671 18 F4        			JR PRINTSTR					; Start over printing sequence
 26+  9673              ; ----------------------------------------------------------------------------------------
 27+  9673
 28+  9673
 29+  9673              ;-----------------------------------------------------------------------------------------
 30+  9673              ; PREP_PRT - Updates Print_Attr, SCR & ATTR Vars
 31+  9673              ;-----------------------------------------------------------------------------------------
 32+  9673 32 E7 96     PREP_PRT:	LD (PRINT_ATTR),A			; Set Attribute
 33+  9676 CD 7C 96     PREP_PRT_2:	CALL CRtoSCREEN
 34+  9679 C3 8E 96     			JP CRtoATTR
 35+  967C              ;-----------------------------------------------------------------------------------------
 36+  967C
 37+  967C              ;-----------------------------------------------------------------------------------------
 38+  967C              ; CRtoSCREEN - Converts a scr char coord into a SCREEN Address   b,c = y,x positions
 39+  967C              ;	IN  - B=Row, C=Column
 40+  967C              ;	OUT - HL=Address in screen also stored in (SCR_CUR_PTR)
 41+  967C              ;	Conversion:
 42+  967C              ;			Row FFfff   Column CCCCC
 43+  967C              ;			HL=%010FF000 fffCCCCC
 44+  967C              ;-----------------------------------------------------------------------------------------
 45+  967C              CRtoSCREEN:
 46+  967C 78           			LD A,B						; %___FFfff
 47+  967D F6 40        			OR #40						; %010FFfff
 48+  967F E6 F8        			AND #F8						; %010FF000
 49+  9681 67           			LD H,A
 50+  9682
 51+  9682 78           			LD A,B						; %___FFfff
 52+  9683 E6 07        			AND #7						; %00000fff
 53+  9685 0F           			RRCA						; %f00000ff
 54+  9686 0F           			RRCA						; %ff00000f
 55+  9687 0F           			RRCA						; %fff00000
 56+  9688 B1           			OR C						; %fffCCCCC
 57+  9689 6F           			LD L,A
 58+  968A 22 E3 96                 LD (SCR_CUR_PTR),HL			; Update Variable
 59+  968D C9                       RET
 60+  968E              ; ----------------------------------------------------------------------------------------
 61+  968E
 62+  968E
 63+  968E
 64+  968E              ;-----------------------------------------------------------------------------------------
 65+  968E              ; CRtoATTR - Converts a screen char coord  into a ATTR Address  b,c = y,x positions
 66+  968E              ;	IN  - B=Row, C=Column
 67+  968E              ;	OUT - HL=Address in screen also stored in (SCR_ATTR_PTR)
 68+  968E              ;	Conversion:
 69+  968E              ;			Row FFfff   Column CCCCC
 70+  968E              ;			HL=%010110FF fffCCCCC
 71+  968E              ;-----------------------------------------------------------------------------------------
 72+  968E              CRtoATTR:
 73+  968E 78           			LD A,B						; %___FFfff
 74+  968F 0F           			RRCA						; %f000FFff
 75+  9690 0F           			RRCA						; %ff000FFf
 76+  9691 0F           			RRCA						; %fff000FF
 77+  9692 6F           			LD L,A
 78+  9693 E6 03        			AND 3						; %000000FF	value of FF can be only 00,01,10
 79+  9695 F6 58        			OR #58						; %010110FF value will be #58, #59 or #5A
 80+  9697 67           			LD H,A
 81+  9698
 82+  9698 7D           			LD A,L						; %fff000FF
 83+  9699 E6 E0        			AND #E0						; %fff00000
 84+  969B B1           			OR C						; %fffCCCCC
 85+  969C 6F           			LD L,A
 86+  969D
 87+  969D 22 E5 96                 LD (SCR_ATTR_PTR),HL		; Update Variable
 88+  96A0 C9                       RET
 89+  96A1              ; ----------------------------------------------------------------------------------------
 90+  96A1
 91+  96A1
 92+  96A1
 93+  96A1              ; ----------------------------------------------------------------------------------------
 94+  96A1              ; PRINTCHNUM - Prints Char Number N (stored in A)
 95+  96A1              ;-----------------------------------------------------------------------------------------
 96+  96A1              PRINTCHNUM:	;SUB 32						; Adjust Ascii to charset
 97+  96A1 26 00        			LD H,0						; Multiply value by 8 to get to right Char in Charset
 98+  96A3 6F           			LD L,A
 99+  96A4 29           			ADD HL,HL
100+  96A5 29           			ADD HL,HL
101+  96A6 29           			ADD HL,HL
102+  96A7 11 E8 95     			LD DE, CHARSET-(8*32)		; Optimize in compile time (instead of sub 32)
103+  96AA 19           			ADD HL,DE
104+  96AB EB           			EX  DE,HL					;Value in DE
105+  96AC              			; Continues to printchar below
106+  96AC              ; ----------------------------------------------------------------------------------------
107+  96AC
108+  96AC
109+  96AC              ; ----------------------------------------------------------------------------------------
110+  96AC              ; PRINTCHAR - Prints Char  (DE points to the char. Uses HL as last Cur Pointer)
111+  96AC              ; ----------------------------------------------------------------------------------------
112+  96AC              PRINTCHAR:
113+  96AC 06 08        			LD B,8						; 8 Lines per char
114+  96AE 2A E3 96                 LD HL, (SCR_CUR_PTR)		; Load Cursor Pointer y,x
115+  96B1
116+  96B1 1A           BYTEPCHAR:	LD A,(DE)					; Get Char to be printed, first line
117+  96B2 77           			LD (HL),A					; Move to Printing location
118+  96B3 24                       INC H						; inc H so next line in char (ZX Spectrum Screen RAM)
119+  96B4 13                       INC DE 						; next line to be printed
120+  96B5 10 FA                    DJNZ BYTEPCHAR				; Repeat 8 lines
121+  96B7 3A E7 96                 LD A,(PRINT_ATTR) 			; Load Attributes to print char with
122+  96BA 2A E5 96                 LD HL, (SCR_ATTR_PTR)
123+  96BD 77                       LD (HL),A
124+  96BE 21 E5 96                 LD HL, SCR_ATTR_PTR			; Get pointer to ATTR
125+  96C1 34                       INC (HL)					; Move Attribute cursor to next char
126+  96C2 21 E3 96     			LD HL, SCR_CUR_PTR
127+  96C5 34           			INC (HL)					; update Cursor pointer to next position
128+  96C6 C9                       RET
129+  96C7              ; ----------------------------------------------------------------------------------------
130+  96C7
131+  96C7
132+  96C7
133+  96C7              ; ----------------------------------------------------------------------------------------
134+  96C7              ; INK2PAPER - moves ink of attribute stored in (PRINT_ATTR) to paper and sets ink to 0
135+  96C7              ; 				Sets bright 1 and flash 0
136+  96C7              ; ----------------------------------------------------------------------------------------
137+  96C7 3A E7 96     INK2PAPER:	LD A, (PRINT_ATTR)		    ; Get storedAttribute
138+  96CA E6 07                    AND 7						; get Attr INK in A
139+  96CC 07           			RLCA
140+  96CD 07           			RLCA
141+  96CE 07           			RLCA						; move Ink to Paper
142+  96CF F6 40        			OR 64						; ink 0 bright 1
143+  96D1 32 E7 96     			LD (PRINT_ATTR),A		    ; Get storedAttribute
144+  96D4 C9           			RET
145+  96D5              ; ----------------------------------------------------------------------------------------
146+  96D5
147+  96D5
148+  96D5
149+  96D5
150+  96D5 21 00 40     CLEARSCR:	LD HL,$4000					; Erases screen by writing 0 to all pixels and attributes
151+  96D8 11 01 40     			LD DE,$4001
152+  96DB 01 FF 1A     			LD BC,6911
153+  96DE 36 00        			LD (HL),0
154+  96E0 ED B0        			LDIR
155+  96E2 C9           			RET
156+  96E3
157+  96E3
158+  96E3              SCR_CUR_PTR
158+  96E3 00 00          	db $00, $00				; Cursor Pointer in Screen (2 bytes) (HL)
159+  96E5 00 00        SCR_ATTR_PTR: 	db $00, $00				; Attr Pointer in Screen (2 bytes) (HL)
160+  96E7 00           PRINT_ATTR:		db $00					; Attribute used by printchar routine (1 byte)
161+  96E8
162+  96E8              CHARSET: incbin "charset.bin"			; Charset used
163+  99E8
# file closed: L30.3 - printat.asm
 29   99E8                      INCLUDE "mensaje_inicio.asm"
# file opened: mensaje_inicio.asm
  1+  99E8              Pantalla_Ini:
  2+  99E8 3E 06            ld a, 6     ; Letra verde
  3+  99EA 06 17            ld b, 23    ; Coordenadas para el mensaje de inicio, Fila
  4+  99EC 0E 00            LD c, 0     ; Columna
  5+  99EE DD 21 B9 9A      ld ix, MensajeIniciar
  6+  99F2 CD 64 96         call PRINTAT
  7+  99F5
  8+  99F5 06 17            ld b, 23                 ; Fila
  9+  99F7 0E 15            ld c, 21                 ; Columna
 10+  99F9 CD 6F 9A         call CalcularAtributo    ; Calcular la dirección del atributo
 11+  99FC 3E 86            ld a,6+$80               ; Amarillo parpadeante
 12+  99FE 77               ld (hl),a                ; Establecer el atributo
 13+  99FF
 14+  99FF CD 8A 9A         call EsperarTecla        ; Leer el teclado hasta que se pulse S o N
 15+  9A02 C9               ret
 16+  9A03
 17+  9A03              Pantalla_Reinicio:
 18+  9A03 CD D5 96         call CLEARSCR
 19+  9A06
 20+  9A06 3E 03            ld a, 3               ; Letra azul
 21+  9A08 06 04            ld b, 4               ; Coordenadas fila
 22+  9A0A 0E 04            ld c, 4              ; Coordenadas columna
 23+  9A0C DD 21 D9 9A      ld ix, MensajeFinDeJuego
 24+  9A10 CD 64 96         call PRINTAT
 25+  9A13
 26+  9A13 3E 06            ld a, 6               ; Letra azul
 27+  9A15 06 0E            ld b, 14               ; Coordenadas fila
 28+  9A17 0E 02            ld c, 2              ; Coordenadas columna
 29+  9A19 DD 21 F2 9A      ld ix, MensajeReiniciar
 30+  9A1D CD 64 96         call PRINTAT
 31+  9A20
 32+  9A20 06 0E            ld b, 14                 ; Fila
 33+  9A22 0E 1E            ld c, 30                 ; Columna
 34+  9A24 CD 6F 9A         call CalcularAtributo    ; Calcular la dirección del atributo
 35+  9A27 3E 86            ld a,6+$80               ; Amarillo parpadeante
 36+  9A29 77               ld (hl),a                ; Establecer el atributo
 37+  9A2A
 38+  9A2A CD 8A 9A         call EsperarTecla
 39+  9A2D C3 0A 80         jp flujo_juego           ; jp, no call: flujo_juego no vuelve nunca
 40+  9A30
 41+  9A30              ; ----------------------------------------------------------------------------------------
 42+  9A30              ; Pantalla_GameOver - derrota, al quedarse sin vidas. Distinta de Pantalla_Reinicio, que
 43+  9A30              ; es la de partida completada.
 44+  9A30              ; ----------------------------------------------------------------------------------------
 45+  9A30              Pantalla_GameOver:
 46+  9A30 CD D5 96         call CLEARSCR
 47+  9A33
 48+  9A33 3E 02            ld a, 2                  ; Letra roja
 49+  9A35 06 08            ld b, 8                  ; Coordenadas fila
 50+  9A37 0E 0B            ld c, 11                 ; Coordenadas columna
 51+  9A39 DD 21 AF 9A      ld ix, MensajeGameOver
 52+  9A3D CD 64 96         call PRINTAT
 53+  9A40
 54+  9A40 3E 06            ld a, 6
 55+  9A42 06 0E            ld b, 14
 56+  9A44 0E 02            ld c, 2
 57+  9A46 DD 21 F2 9A      ld ix, MensajeReiniciar
 58+  9A4A CD 64 96         call PRINTAT
 59+  9A4D
 60+  9A4D 06 0E            ld b, 14                 ; Fila
 61+  9A4F 0E 1E            ld c, 30                 ; Columna
 62+  9A51 CD 6F 9A         call CalcularAtributo
 63+  9A54 3E 86            ld a,6+$80               ; Amarillo parpadeante
 64+  9A56 77               ld (hl),a
 65+  9A57
 66+  9A57 CD 8A 9A         call EsperarTecla
 67+  9A5A C3 0A 80         jp flujo_juego
 68+  9A5D
 69+  9A5D              FinDelJuego:
 70+  9A5D CD D5 96         call CLEARSCR
 71+  9A60
 72+  9A60 3E 82            ld a,2+$80               ; Letra roja
 73+  9A62 06 0B            ld b, 11                 ; Coordenadas Fila
 74+  9A64 0E 0B            ld c, 11                 ; Coordenadas Columna
 75+  9A66 DD 21 CF 9A      ld ix,MensajeFinal
 76+  9A6A CD 64 96         call PRINTAT
 77+  9A6D
 78+  9A6D                  ; Aqui se caia directamente dentro de CalcularAtributo, cuyo RET consumia la
 79+  9A6D                  ; direccion de retorno que habia dejado EsperarTecla, devolviendo el control al
 80+  9A6D                  ; bucle de espera de tecla: pulsar "N" mostraba el adios y seguia jugando. El
 81+  9A6D                  ; programa no tenia ningun estado de parada, asi que este es el unico sitio donde
 82+  9A6D                  ; termina de verdad.
 83+  9A6D              FinDelJuego_Parada:
 84+  9A6D 18 FE            jr FinDelJuego_Parada
 85+  9A6F
 86+  9A6F              CalcularAtributo:
 87+  9A6F                                      ; Rutina que recibe en B,C las coordenadas de la pantalla (fila, columna)
 88+  9A6F                                      ; y devuelve en HL la dirección del atributo correspondiente
 89+  9A6F F5               PUSH AF             ; Guardamos A en el stack
 90+  9A70 60               LD H,B              ; Los bits 4,5 de B deben ser los bits 0,1 de H
 91+  9A71 CB 3C            SRL H
 91+  9A73 CB 3C          SRL H
 91+  9A75 CB 3C          SRL H
 92+  9A77 78               LD A,B              ; Los bits 0,1,2 de B deben ser los bits 5,6,7 de L
 93+  9A78 CB 27            SLA A
 93+  9A7A CB 27          SLA A
 93+  9A7C CB 27          SLA A
 93+  9A7E CB 27          SLA A
 93+  9A80 CB 27          SLA a
 94+  9A82 B1               OR c                ; Y C son los bits 0-4 de L
 95+  9A83 6F               LD L,A
 96+  9A84 01 00 58         LD BC, $5800        ; Le sumamos la dirección de comienzo de los atributos
 97+  9A87 09               ADD HL,BC
 98+  9A88 F1               POP AF
 99+  9A89 C9               RET
100+  9A8A
101+  9A8A              EsperarTecla:
102+  9A8A CD 92 9A         call LeerTecla
103+  9A8D FE 1F            cp $1F              ; solo cuentan los 5 bits de teclas (ver SoltarTecla)
104+  9A8F 20 F9            jr nz,EsperarTecla  ; Esperar hasta que no haya tecla pulsada
105+  9A91 C9               ret
106+  9A92
107+  9A92              LeerTecla:
108+  9A92 01 FE 7F         ld bc,$7FFE         ; Escanear línea B,N,M,SYMB,Space
109+  9A95 ED 78            in a,(c)
110+  9A97 CB 5F            bit 3,a
111+  9A99 28 C2            jr z,FinDelJuego    ; Han pulsado N
112+  9A9B 01 FE FD         ld bc,$FDFE         ; Escanear línea G,F,D,S,A
113+  9A9E ED 78            in a,(c)
114+  9AA0 CB 4F            bit 1,a
115+  9AA2 20 EE            jr nz,LeerTecla     ; No han pulsado 'S'
116+  9AA4 18 00            jr SoltarTecla
117+  9AA6
118+  9AA6              SoltarTecla:
119+  9AA6 ED 78            in a,(c)            ; Leer del puerto que se ha definido en LeerTecla
120+  9AA8                  ; Solo los bits 0-4 son teclas. Los bits 5-7 no son de teclado (bit 6 es
121+  9AA8                  ; EAR) y no se leen como 1 de forma fiable, asi que comparar el byte
122+  9AA8                  ; entero con $FF cuelga el menu para siempre. Enmascarar como en teclado
123+  9AA8                  ; (pala.asm:37-38).
124+  9AA8 E6 1F            and $1F
125+  9AAA FE 1F            cp $1F              ; Comprobar que no hay tecla pulsada
126+  9AAC 20 F8            jr nz,SoltarTecla   ; Esperar hasta que no haya tecla pulsada
127+  9AAE C9               ret
128+  9AAF
129+  9AAF
130+  9AAF 47 41 4D 45  MensajeGameOver:  db "GAME OVER",0             ; Derrota: sin vidas
130+  9AB3 20 4F 56 45
130+  9AB7 52 00
131+  9AB9 51 75 69 65  MensajeIniciar:   db "Quieres Jugar (S/N)? ",0  ; Mensaje para iniciar partida
131+  9ABD 72 65 73 20
131+  9AC1 4A 75 67 61
131+  9AC5 72 20 28 53
131+  9AC9 2F 4E 29 3F
131+  9ACD 20 00
132+  9ACF 41 44 49 4F  MensajeFinal:     db "ADIOS!!!!",0
132+  9AD3 53 21 21 21
132+  9AD7 21 00
133+  9AD9 4C 61 20 70  MensajeFinDeJuego:  db "La partida ha finalizado",0        ; Mensaje de fin de juego
133+  9ADD 61 72 74 69
133+  9AE1 64 61 20 68
133+  9AE5 61 20 66 69
133+  9AE9 6E 61 6C 69
133+  9AED 7A 61 64 6F
133+  9AF1 00
134+  9AF2 51 75 69 65  MensajeReiniciar: db "Quieres jugar otra partida?",0   ; Mensaje para reiniciar partida
134+  9AF6 72 65 73 20
134+  9AFA 6A 75 67 61
134+  9AFE 72 20 6F 74
134+  9B02 72 61 20 70
134+  9B06 61 72 74 69
134+  9B0A 64 61 3F 00
# file closed: mensaje_inicio.asm
 30   9B0E                      INCLUDE "pala.asm"
# file opened: pala.asm
  1+  9B0E 0E 00        POSICION: DB 14,0
  2+  9B10              LONGITUDPALA EQU 7
  3+  9B10              COLORPALA EQU 2*8
  4+  9B10              CONTADOR EQU $03FF
  5+  9B10
  6+  9B10              dibujarpala:
  7+  9B10 3A 0F 9B             ld a,(POSICION+1)
  8+  9B13 B7                   or a
  9+  9B14 28 05                jr z, dibujarpala1
 10+  9B16 0E 00                ld c,0
 11+  9B18 CD 24 9B             call dibujarpalacolor
 12+  9B1B
 13+  9B1B              dibujarpala1:
 14+  9B1B 3A 0E 9B             ld a,(POSICION)
 15+  9B1E 0E 10                ld c,COLORPALA
 16+  9B20 CD 24 9B             call dibujarpalacolor
 17+  9B23 C9                   ret
 18+  9B24
 19+  9B24              dibujarpalacolor:
 20+  9B24 06 07                ld b,LONGITUDPALA
 21+  9B26 21 E0 5A             ld hl, $5B00-32
 22+  9B29 16 00                ld d,0
 23+  9B2B 5F                   ld e,a
 24+  9B2C 19                   add hl, de
 25+  9B2D
 26+  9B2D              dibujarpalacolor1:
 27+  9B2D 71                   ld(hl),c
 28+  9B2E 23                   inc hl
 29+  9B2F 10 FC                djnz dibujarpalacolor1
 30+  9B31 C9                   ret
 31+  9B32              ;----------------------------------------------------------------------------------------------------------------------------
 32+  9B32              teclado:
 33+  9B32 16 00                ld d,0
 34+  9B34              teclado1:
 35+  9B34 01 FE FD             ld bc,$FDFE
 36+  9B37 ED 78                in a,(c)
 37+  9B39 E6 1F                and $1F
 38+  9B3B FE 1F                cp $1F  ;si no vale 1F es que algo han pulsado
 39+  9B3D 20 06                jr nz,teclado2
 40+  9B3F              teclado_sigue:
 41+  9B3F 15                   dec d
 42+  9B40 20 F2                jr nz,teclado1
 43+  9B42 06 00                ld b,0
 44+  9B44 C9                   ret
 45+  9B45              ; La tecla "F" pasaba de nivel. Era un hook de depuracion de noviembre de 2024 que
 46+  9B45              ; acabo siendo el unico modo de avanzar, y metia una llamada de logica de juego en
 47+  9B45              ; el manejador de teclado: teclado hacia call Fin_Juego y Fin_Juego sale con jr Juego,
 48+  9B45              ; abandonando dos direcciones de retorno en la pila en cada cambio de nivel. Ahora el
 49+  9B45              ; nivel avanza solo, desde Partida.asm, cuando bricks_left llega a 0.
 50+  9B45              teclado2:
 51+  9B45 CB 47                bit 0, a ; Detectar tecla "A"
 52+  9B47 20 04                jr nz,teclado3
 53+  9B49 06 FF                ld b, -1
 54+  9B4B 18 06                jr tecladofin
 55+  9B4D              teclado3:
 56+  9B4D CB 57                bit 2, a ; Detectar tecla "D"
 57+  9B4F                      ; Una tecla de esta media fila que no sea A ni D (o sea S, F o G) volvia aqui a
 58+  9B4F                      ; teclado1 SIN decrementar D, asi que el bucle no terminaba nunca: mantener
 59+  9B4F                      ; pulsada la S congelaba el juego entero -- bola y pala -- hasta soltarla. Y la S
 60+  9B4F                      ; esta justo al lado de la A y la D. Ahora sigue contando como cualquier sondeo
 61+  9B4F                      ; fallido, de modo que el bucle acaba y devuelve b=0.
 62+  9B4F 20 EE                jr nz,teclado_sigue
 63+  9B51 06 01                ld b, 1
 64+  9B53              tecladofin:
 65+  9B53 00                   nop     ;instruccion que pierde ciclos
 66+  9B54 00                   nop
 67+  9B55 00                   nop
 68+  9B56 00                   nop
 69+  9B57 00                   nop
 70+  9B58 15                   dec d
 71+  9B59 20 F8                jr nz,tecladofin
 72+  9B5B C9                   ret
 73+  9B5C              ;--------------------------------------------------------------------------------------------------------------------------
 74+  9B5C              nuevaposicion:
 75+  9B5C 78                   ld a,b
 76+  9B5D B7                   or a
 77+  9B5E C8                   ret z
 78+  9B5F 3A 0E 9B             ld a,(POSICION)
 79+  9B62 80                   add b
 80+  9B63 C8                   ret z
 81+  9B64 FE 19                cp 32-LONGITUDPALA
 82+  9B66 D0                   ret nc
 83+  9B67 47                   ld b,a
 84+  9B68 3A 0E 9B             ld a,(POSICION)
 85+  9B6B 32 0F 9B             ld (POSICION +1),a
 86+  9B6E 78                   ld a,b
 87+  9B6F 32 0E 9B             ld (POSICION),a
 88+  9B72 C9                   ret
 89+  9B73              ;----------------------------------------------------------------------------------------------------------------------------
 90+  9B73              esperar:
 91+  9B73 01 FF 03             ld bc,CONTADOR
 92+  9B76              esperar1:
 93+  9B76 0B                   dec bc
 94+  9B77 78                   ld a,b
 95+  9B78 B1                   or c
 96+  9B79 20 FB                jr nz,esperar1
 97+  9B7B C9                   ret
 98+  9B7C              ;-------------------------------------------------------------------------------------------------
 99+  9B7C
# file closed: pala.asm
 31   9B7C                      INCLUDE "tablero.asm"
# file opened: tablero.asm
  1+  9B7C              dibujar_tablero:
  2+  9B7C CD D5 96         call CLEARSCR   ; Limpiar toda la pantalla
  3+  9B7F
  4+  9B7F                  ; Dibujar el borde izquierdo
  5+  9B7F 21 00 58         ld hl, $5800 + 0 * 32 + 0 ; Dirección de memoria de la pantalla para el borde izquierdo
  6+  9B82 11 20 00         ld de, $0020              ; Posición vertical (Y)
  7+  9B85 3E 0F            ld a, 1 * 8 + 7           ; Color del borde
  8+  9B87 06 18            ld b, 24                  ; Número de filas del borde izquierdo
  9+  9B89
 10+  9B89              borde_izquierdo:
 11+  9B89 77               ld (hl), a               ; Escribir el color en la pantalla
 12+  9B8A 19               add hl, de               ; Mover la posición a la siguiente fila
 13+  9B8B 10 FC            djnz borde_izquierdo     ; Decrementar B y repetir hasta que B sea cero
 14+  9B8D
 15+  9B8D                  ; Dibujar el borde derecho
 16+  9B8D 21 1F 58         ld hl, $5800 + 0 * 32 + 31 ; Dirección de memoria de la pantalla para el borde derecho
 17+  9B90 11 20 00         ld de, $0020               ; Posición vertical (Y)
 18+  9B93 3E 0F            ld a, 1 * 8 + 7            ; Color del borde
 19+  9B95 06 18            ld b, 24                   ; Número de filas del borde derecho
 20+  9B97
 21+  9B97              borde_derecho:
 22+  9B97 77               ld (hl), a               ; Escribir el color en la pantalla
 23+  9B98 19               add hl, de               ; Mover la posición a la siguiente fila
 24+  9B99 10 FC            djnz borde_derecho       ; Decrementar B y repetir hasta que B sea cero
 25+  9B9B
 26+  9B9B                  ; Dibujar la parte de arriba
 27+  9B9B 21 01 58         ld hl, $5800 + 0 * 32 + 1 ; Dirección de memoria de la pantalla para la base
 28+  9B9E 3E 0F            ld a, 1 * 8 + 7            ; Color de la base
 29+  9BA0 06 20            ld b, 32               ; Número de columnas de la base
 30+  9BA2
 31+  9BA2              base:
 32+  9BA2 77               ld (hl), a              ; Escribir el color en la pantalla
 33+  9BA3 23               inc hl                   ; Mover la posición a la siguiente columna
 34+  9BA4 10 FC            djnz base                ; Decrementar B y repetir hasta que B sea cero
 35+  9BA6
 36+  9BA6 C9               ret
 37+  9BA7
 38+  9BA7 18 FE        fin_dibujar_tablero: jr fin_dibujar_tablero
# file closed: tablero.asm
 32   9BA9                      INCLUDE "PintarMapa.asm"
# file opened: PintarMapa.asm
  1+  9BA9              Mostrar_Mapa:
  2+  9BA9 DD 7E 00         LD A, (IX)
  3+  9BAC 32 57 9F         ld (bricks_left), a   ; Byte 0 del mapa = numero de ladrillos destructibles.
  4+  9BAF                                        ; Antes se leia aqui y se tiraba en la linea siguiente; es
  5+  9BAF                                        ; exactamente el contador que necesita la deteccion de nivel
  6+  9BAF                                        ; completado, asi que se guarda.
  7+  9BAF DD 23            INC IX
  8+  9BB1
  9+  9BB1              Fila:
 10+  9BB1 DD 7E 00         ld a, (IX)  ; Leemos Y
 11+  9BB4 DD 23            INC IX
 12+  9BB6
 13+  9BB6 47               ld B, a     ; Guardamos Y en B
 14+  9BB7 0E 01            ld C, 1     ; Columna = 1
 15+  9BB9 CD 6F 9A         call CalcularAtributo
 16+  9BBC
 17+  9BBC DD 7E 00         ld a, (IX)  ; Leemos numero de ladrillos en la fila
 18+  9BBF DD 23            INC IX
 19+  9BC1 47               ld B, a
 20+  9BC2
 21+  9BC2
 22+  9BC2
 23+  9BC2              Fila_Ladrillo:
 24+  9BC2 DD 7E 00         ld a, (IX)  ; Leemos color
 25+  9BC5 DD 23            INC IX
 26+  9BC7
 27+  9BC7 FE 08            cp 8
 28+  9BC9 28 08            jr z, Color_Indestructible
 29+  9BCB
 30+  9BCB CB 27            sla a       ; Multiplicamos por 8
 31+  9BCD CB 27            sla a
 32+  9BCF CB 27            sla a
 33+  9BD1 18 02            jr Pintar_Atributo
 34+  9BD3
 35+  9BD3              Color_Indestructible:
 36+  9BD3                  ; Colour 8 << 3 would be $40 (BRIGHT set, paper 0, ink 0) -- bright black on
 37+  9BD3                  ; black, invisible. $78 (BRIGHT, paper 7, ink 0) keeps the same paper-only
 38+  9BD3                  ; convention as colours 1-7 but stays visible, and matches classify_cell's
 39+  9BD3                  ; CELL_HARD check in colisiones.asm -- change one, change both.
 40+  9BD3 3E 78            ld a, $78
 41+  9BD5
 42+  9BD5              Pintar_Atributo:
 43+  9BD5 77               ld (hl), a
 44+  9BD6 23               INC HL
 45+  9BD7 77               LD (HL), A
 46+  9BD8 23               INC HL
 47+  9BD9
 48+  9BD9 10 E7            DJNZ Fila_Ladrillo    ; Sigue hasta que termine la fila
 49+  9BDB
 50+  9BDB DD 7E 00         ld a, (IX)
 51+  9BDE FE FF            cp $FF                ; Si A es 255, va a Fin_Dibujo
 52+  9BE0 28 05            jr z, Fin_Dibujo
 53+  9BE2
 54+  9BE2
 55+  9BE2 18 CD            jr Fila
 56+  9BE4 CD 81 9E         call Pala_Juego
 57+  9BE7
 58+  9BE7
 59+  9BE7              Fin_Dibujo:
 60+  9BE7
 61+  9BE7 C9               RET
 62+  9BE8
 63+  9BE8
 64+  9BE8
 65+  9BE8
 66+  9BE8
 67+  9BE8
# file closed: PintarMapa.asm
 33   9BE8                      INCLUDE "Mapas.asm"
# file opened: Mapas.asm
  1+  9BE8              ;--------------------------------------------------------------------------------------
  2+  9BE8              ; Arkanoid generated levels from text file
  3+  9BE8              ; Converter in Python by Daniel Leon (UFV) for AOC 2024/2025
  4+  9BE8              ;--------------------------------------------------------------------------------------
  5+  9BE8              ; MAP ENCODING:
  6+  9BE8              ;   Byte 0     : Y Coordinate for row
  7+  9BE8              ;   Byte 1     : Number of elements in row
  8+  9BE8              ;   Bytes 2..n : color of brick  (0..8)
  9+  9BE8              ;      color=8 means indestructible brick
 10+  9BE8              ;      color=0 means no brick
 11+  9BE8              ;   Y coordinate=255 means end of map
 12+  9BE8              ;--------------------------------------------------------------------------------------
 13+  9BE8
 14+  9BE8 F0 9B 75 9C  maplist: DEFW map0, map1, map2, map3
 14+  9BEC 16 9D 87 9D
 15+  9BF0              maxLevelsMask: EQU 3
 16+  9BF0
 17+  9BF0
 18+  9BF0
 19+  9BF0              ; ---> SIMPLE ROUND 0
 20+  9BF0 52           map0:   DEFB 82
 21+  9BF1 03 0C 00 00          DEFB 3, 12, 0, 0, 2, 2, 2, 2, 2, 0, 0, 4, 7, 2
 21+  9BF5 02 02 02 02
 21+  9BF9 02 00 00 04
 21+  9BFD 07 02
 22+  9BFF 04 0C 00 00          DEFB 4, 12, 0, 0, 6, 6, 6, 6, 6, 0, 0, 4, 7, 2
 22+  9C03 06 06 06 06
 22+  9C07 06 00 00 04
 22+  9C0B 07 02
 23+  9C0D 05 0C 00 00          DEFB 5, 12, 0, 0, 6, 6, 6, 6, 6, 0, 0, 4, 7, 2
 23+  9C11 06 06 06 06
 23+  9C15 06 00 00 04
 23+  9C19 07 02
 24+  9C1B 06 0C 00 00          DEFB 6, 12, 0, 0, 2, 2, 2, 2, 2, 0, 0, 4, 7, 2
 24+  9C1F 02 02 02 02
 24+  9C23 02 00 00 04
 24+  9C27 07 02
 25+  9C29 09 0D 00 00          DEFB 9, 13, 0, 0, 2, 2, 2, 2, 2, 0, 1, 6, 1, 1, 1
 25+  9C2D 02 02 02 02
 25+  9C31 02 00 01 06
 25+  9C35 01 01 01
 26+  9C38 0A 0D 00 00          DEFB 10, 13, 0, 0, 2, 2, 7, 2, 2, 0, 1, 6, 1, 1, 1
 26+  9C3C 02 02 07 02
 26+  9C40 02 00 01 06
 26+  9C44 01 01 01
 27+  9C47 0B 0D 00 00          DEFB 11, 13, 0, 0, 2, 7, 7, 7, 2, 0, 6, 6, 6, 6, 6
 27+  9C4B 02 07 07 07
 27+  9C4F 02 00 06 06
 27+  9C53 06 06 06
 28+  9C56 0C 0D 00 00          DEFB 12, 13, 0, 0, 2, 2, 7, 2, 2, 0, 1, 6, 1, 1, 1
 28+  9C5A 02 02 07 02
 28+  9C5E 02 00 01 06
 28+  9C62 01 01 01
 29+  9C65 0D 0D 00 00          DEFB 13, 13, 0, 0, 2, 2, 2, 2, 2, 0, 1, 6, 1, 1, 1
 29+  9C69 02 02 02 02
 29+  9C6D 02 00 01 06
 29+  9C71 01 01 01
 30+  9C74 FF                   DEFB 255
 31+  9C75
 32+  9C75              ; ---> ALIEN ROUND 2
 33+  9C75 47           map1:   DEFB 71
 34+  9C76 03 0B 00 00          DEFB 3, 11, 0, 0, 0, 0, 6, 0, 0, 0, 0, 0, 6
 34+  9C7A 00 00 06 00
 34+  9C7E 00 00 00 00
 34+  9C82 06
 35+  9C83 04 0B 00 00          DEFB 4, 11, 0, 0, 0, 0, 6, 0, 0, 0, 0, 0, 6
 35+  9C87 00 00 06 00
 35+  9C8B 00 00 00 00
 35+  9C8F 06
 36+  9C90 05 0A 00 00          DEFB 5, 10, 0, 0, 0, 0, 0, 6, 0, 0, 0, 6
 36+  9C94 00 00 00 06
 36+  9C98 00 00 00 06
 37+  9C9C 06 0A 00 00          DEFB 6, 10, 0, 0, 0, 0, 0, 7, 7, 7, 7, 7
 37+  9CA0 00 00 00 07
 37+  9CA4 07 07 07 07
 38+  9CA8 07 0B 00 00          DEFB 7, 11, 0, 0, 0, 0, 7, 7, 7, 7, 7, 7, 7
 38+  9CAC 00 00 07 07
 38+  9CB0 07 07 07 07
 38+  9CB4 07
 39+  9CB5 08 0C 00 00          DEFB 8, 12, 0, 0, 0, 7, 7, 2, 7, 7, 7, 2, 7, 7
 39+  9CB9 00 07 07 02
 39+  9CBD 07 07 07 02
 39+  9CC1 07 07
 40+  9CC3 09 0C 00 00          DEFB 9, 12, 0, 0, 0, 7, 7, 2, 7, 7, 7, 2, 7, 7
 40+  9CC7 00 07 07 02
 40+  9CCB 07 07 07 02
 40+  9CCF 07 07
 41+  9CD1 0A 0C 00 00          DEFB 10, 12, 0, 0, 0, 7, 7, 7, 7, 7, 7, 7, 7, 7
 41+  9CD5 00 07 07 07
 41+  9CD9 07 07 07 07
 41+  9CDD 07 07
 42+  9CDF 0B 0C 00 00          DEFB 11, 12, 0, 0, 0, 7, 7, 7, 7, 7, 7, 7, 7, 7
 42+  9CE3 00 07 07 07
 42+  9CE7 07 07 07 07
 42+  9CEB 07 07
 43+  9CED 0C 0C 00 00          DEFB 12, 12, 0, 0, 0, 7, 7, 7, 7, 7, 7, 7, 7, 7
 43+  9CF1 00 07 07 07
 43+  9CF5 07 07 07 07
 43+  9CF9 07 07
 44+  9CFB 0D 0B 00 00          DEFB 13, 11, 0, 0, 0, 0, 7, 0, 0, 0, 0, 0, 7
 44+  9CFF 00 00 07 00
 44+  9D03 00 00 00 00
 44+  9D07 07
 45+  9D08 0E 0B 00 00          DEFB 14, 11, 0, 0, 0, 0, 7, 7, 7, 0, 7, 7, 7
 45+  9D0C 00 00 07 07
 45+  9D10 07 00 07 07
 45+  9D14 07
 46+  9D15 FF                   DEFB 255
 47+  9D16
 48+  9D16              ; ---> STAIR ROUND 2
 49+  9D16 4E           map2:   DEFB 78
 50+  9D17 03 01 07             DEFB 3, 1, 7
 51+  9D1A 04 02 07 06          DEFB 4, 2, 7, 6
 52+  9D1E 05 03 07 06          DEFB 5, 3, 7, 6, 5
 52+  9D22 05
 53+  9D23 06 0D 07 06          DEFB 6, 13, 7, 6, 5, 4, 0, 0, 0, 0, 0, 8, 8, 8, 8
 53+  9D27 05 04 00 00
 53+  9D2B 00 00 00 08
 53+  9D2F 08 08 08
 54+  9D32 07 05 07 06          DEFB 7, 5, 7, 6, 5, 4, 3
 54+  9D36 05 04 03
 55+  9D39 08 06 07 06          DEFB 8, 6, 7, 6, 5, 4, 3, 2
 55+  9D3D 05 04 03 02
 56+  9D41 09 07 07 06          DEFB 9, 7, 7, 6, 5, 4, 3, 2, 1
 56+  9D45 05 04 03 02
 56+  9D49 01
 57+  9D4A 0A 08 07 06          DEFB 10, 8, 7, 6, 5, 4, 3, 2, 1, 7
 57+  9D4E 05 04 03 02
 57+  9D52 01 07
 58+  9D54 0B 09 07 06          DEFB 11, 9, 7, 6, 5, 4, 3, 2, 1, 7, 6
 58+  9D58 05 04 03 02
 58+  9D5C 01 07 06
 59+  9D5F 0C 0A 07 06          DEFB 12, 10, 7, 6, 5, 4, 3, 2, 1, 7, 6, 5
 59+  9D63 05 04 03 02
 59+  9D67 01 07 06 05
 60+  9D6B 0D 0B 07 06          DEFB 13, 11, 7, 6, 5, 4, 3, 2, 1, 7, 6, 5, 4
 60+  9D6F 05 04 03 02
 60+  9D73 01 07 06 05
 60+  9D77 04
 61+  9D78 0E 0C 07 07          DEFB 14, 12, 7, 7, 7, 7, 7, 7, 7, 7, 7, 7, 7, 7
 61+  9D7C 07 07 07 07
 61+  9D80 07 07 07 07
 61+  9D84 07 07
 62+  9D86 FF                   DEFB 255
 63+  9D87
 64+  9D87              ; ---> UFV LOGO ROUND 3
 65+  9D87 99           map3:   DEFB 153
 66+  9D88 03 0E 00 01          DEFB 3, 14, 0, 1, 1, 1, 1, 1, 1, 0, 1, 1, 1, 1, 1, 1
 66+  9D8C 01 01 01 01
 66+  9D90 01 00 01 01
 66+  9D94 01 01 01 01
 67+  9D98 04 0E 00 01          DEFB 4, 14, 0, 1, 7, 7, 7, 7, 1, 0, 1, 7, 7, 7, 7, 1
 67+  9D9C 07 07 07 07
 67+  9DA0 01 00 01 07
 67+  9DA4 07 07 07 01
 68+  9DA8 05 0E 00 01          DEFB 5, 14, 0, 1, 7, 7, 7, 7, 1, 0, 1, 7, 7, 7, 7, 1
 68+  9DAC 07 07 07 07
 68+  9DB0 01 00 01 07
 68+  9DB4 07 07 07 01
 69+  9DB8 06 0E 00 01          DEFB 6, 14, 0, 1, 1, 7, 7, 1, 1, 0, 1, 1, 7, 7, 1, 1
 69+  9DBC 01 07 07 01
 69+  9DC0 01 00 01 01
 69+  9DC4 07 07 01 01
 70+  9DC8 07 0D 00 00          DEFB 7, 13, 0, 0, 1, 7, 7, 1, 0, 0, 0, 1, 7, 7, 1
 70+  9DCC 01 07 07 01
 70+  9DD0 00 00 00 01
 70+  9DD4 07 07 01
 71+  9DD7 08 0D 00 00          DEFB 8, 13, 0, 0, 1, 7, 7, 1, 0, 0, 0, 1, 7, 7, 1
 71+  9DDB 01 07 07 01
 71+  9DDF 00 00 00 01
 71+  9DE3 07 07 01
 72+  9DE6 09 0D 00 00          DEFB 9, 13, 0, 0, 1, 7, 7, 1, 0, 0, 0, 1, 7, 7, 1
 72+  9DEA 01 07 07 01
 72+  9DEE 00 00 00 01
 72+  9DF2 07 07 01
 73+  9DF5 0A 0D 00 00          DEFB 10, 13, 0, 0, 1, 7, 7, 1, 0, 0, 0, 1, 7, 7, 1
 73+  9DF9 01 07 07 01
 73+  9DFD 00 00 00 01
 73+  9E01 07 07 01
 74+  9E04 0B 0D 00 00          DEFB 11, 13, 0, 0, 1, 7, 7, 1, 0, 0, 0, 1, 7, 7, 1
 74+  9E08 01 07 07 01
 74+  9E0C 00 00 00 01
 74+  9E10 07 07 01
 75+  9E13 0C 0D 00 00          DEFB 12, 13, 0, 0, 1, 7, 7, 1, 0, 0, 0, 1, 7, 7, 1
 75+  9E17 01 07 07 01
 75+  9E1B 00 00 00 01
 75+  9E1F 07 07 01
 76+  9E22 0D 0D 00 00          DEFB 13, 13, 0, 0, 1, 7, 7, 1, 0, 0, 0, 1, 7, 7, 1
 76+  9E26 01 07 07 01
 76+  9E2A 00 00 00 01
 76+  9E2E 07 07 01
 77+  9E31 0E 0D 00 00          DEFB 14, 13, 0, 0, 1, 7, 7, 1, 1, 1, 1, 1, 7, 7, 1
 77+  9E35 01 07 07 01
 77+  9E39 01 01 01 01
 77+  9E3D 07 07 01
 78+  9E40 0F 0D 00 00          DEFB 15, 13, 0, 0, 1, 7, 7, 7, 7, 7, 7, 7, 7, 7, 1
 78+  9E44 01 07 07 07
 78+  9E48 07 07 07 07
 78+  9E4C 07 07 01
 79+  9E4F 10 0D 00 00          DEFB 16, 13, 0, 0, 1, 7, 7, 7, 7, 7, 7, 7, 7, 7, 1
 79+  9E53 01 07 07 07
 79+  9E57 07 07 07 07
 79+  9E5B 07 07 01
 80+  9E5E 11 0C 00 00          DEFB 17, 12, 0, 0, 0, 1, 7, 7, 7, 7, 7, 7, 7, 1
 80+  9E62 00 01 07 07
 80+  9E66 07 07 07 07
 80+  9E6A 07 01
 81+  9E6C 12 0B 00 00          DEFB 18, 11, 0, 0, 0, 0, 1, 1, 1, 1, 1, 1, 1
 81+  9E70 00 00 01 01
 81+  9E74 01 01 01 01
 81+  9E78 01
 82+  9E79 FF                   DEFB 255
 83+  9E7A
# file closed: Mapas.asm
 34   9E7A                      INCLUDE "Partida.asm"
# file opened: Partida.asm
  1+  9E7A 00           levelCounter: DEFB 0     ; Para contar los niveles que van pasando
  2+  9E7B              CantidadNiveles: EQU 4
  3+  9E7B
  4+  9E7B              Juego:
  5+  9E7B CD 7C 9B         call dibujar_tablero
  6+  9E7E CD A9 9B         call Mostrar_Mapa
  7+  9E81
  8+  9E81              Pala_Juego:
  9+  9E81 CD DD 9E         call ball
 10+  9E84
 11+  9E84                  ; mirar si fin partida: el nivel termina cuando cae el ultimo ladrillo
 12+  9E84                  ; destructible. Se comprueba aqui, dentro del bucle de frame, y NO desde
 13+  9E84                  ; teclado: Fin_Juego no vuelve, asi que tiene que ser jp y no call.
 14+  9E84 3A 57 9F         ld a, (bricks_left)
 15+  9E87 B7               or a
 16+  9E88 CA B7 9E         jp z, Fin_Juego
 17+  9E8B
 18+  9E8B                  ; La pala ha fallado la bola. Igual que arriba: jp, nunca call.
 19+  9E8B 3A 59 9F         ld a, (ball_lost)
 20+  9E8E B7               or a
 21+  9E8F C2 A0 9E         jp nz, Ball_Lost
 22+  9E92
 23+  9E92 CD 32 9B         call teclado
 24+  9E95 CD 5C 9B         call nuevaposicion
 25+  9E98 CD 10 9B         call dibujarpala
 26+  9E9B CD 73 9B         call esperar
 27+  9E9E 18 E1            jr Pala_Juego
 28+  9EA0
 29+  9EA0
 30+  9EA0              ; ----------------------------------------------------------------------------------------
 31+  9EA0              ; Ball_Lost - una vida menos. Si quedan vidas se sirve otra bola en el mismo nivel, con
 32+  9EA0              ; los ladrillos como estaban; si no, se acaba la partida. Se entra aqui con jp desde el
 33+  9EA0              ; bucle de frame, asi que la pila sigue equilibrada.
 34+  9EA0              ; ----------------------------------------------------------------------------------------
 35+  9EA0              Ball_Lost:
 36+  9EA0 AF               xor a
 37+  9EA1 32 59 9F         ld (ball_lost), a
 38+  9EA4 21 58 9F         ld hl, lives
 39+  9EA7 35               dec (hl)
 40+  9EA8 CA B1 9E         jp z, Game_Over
 41+  9EAB
 42+  9EAB CD 7E A0         call reset_round     ; nueva bola y pala al centro; los ladrillos no se tocan
 43+  9EAE C3 81 9E         jp Pala_Juego
 44+  9EB1
 45+  9EB1              ; ----------------------------------------------------------------------------------------
 46+  9EB1              ; Game_Over - derrota. Es un camino DISTINTO de ReinicioJuego: aquel es la pantalla de
 47+  9EB1              ; partida COMPLETADA, a la que se llega contando cuatro cambios de nivel. Perder y ganar
 48+  9EB1              ; no son lo mismo y no comparten mensaje.
 49+  9EB1              ; ----------------------------------------------------------------------------------------
 50+  9EB1              Game_Over:
 51+  9EB1 CD 95 A0         call reset_game
 52+  9EB4 C3 30 9A         jp Pantalla_GameOver
 53+  9EB7
 54+  9EB7              Fin_Juego:
 55+  9EB7 11 01 00         ld de, 1
 56+  9EBA DD 19            add ix, de           ; Sumamos a IX (maplist) para pasar al siguiente mapa
 57+  9EBC
 58+  9EBC                  ; Incrementar levelCounter
 59+  9EBC                  ; OJO: el incremento va ANTES de comparar. Invertir el orden hace que tras el
 60+  9EBC                  ; ultimo mapa se lea levelCounter y codigo ejecutable como si fueran datos de mapa.
 61+  9EBC 21 7A 9E         ld hl, levelCounter
 62+  9EBF 34               inc (hl)
 63+  9EC0 7E               ld a, (hl)           ; Cargar el valor incrementado a levelCounter
 64+  9EC1 FE 04            cp CantidadNiveles     ; Comparar con el numero maximo de niveles (4)
 65+  9EC3 28 05            jr z, ReinicioJuego  ; Si alcanzamos el maximo, ir a ReinicioJuego
 66+  9EC5
 67+  9EC5 CD 7E A0         call reset_round     ; bola y pala al inicio para el nivel nuevo
 68+  9EC8 18 B1            jr Juego             ; Continuar con el juego
 69+  9ECA
 70+  9ECA              ReinicioJuego:
 71+  9ECA CD 95 A0         call reset_game      ; vidas, contador de nivel, bola y pala
 72+  9ECD
 73+  9ECD                  ; JP, no CALL, por lo mismo que flujo_juego -> Juego: Pantalla_Reinicio no vuelve
 74+  9ECD                  ; nunca (acaba en jp flujo_juego), asi que con CALL se abandonaba la direccion de
 75+  9ECD                  ; retorno en la pila -- medido: 2 bytes por partida completa. Ademas aqui no hay
 76+  9ECD                  ; nada detras: Partida.asm se acaba en esta linea y lo siguiente en la imagen son
 77+  9ECD                  ; los datos de pelota.asm, asi que si alguna vez volviera se ejecutarian Coord y
 78+  9ECD                  ; Vector como si fueran codigo. Con jp eso es imposible por construccion.
 79+  9ECD C3 03 9A         jp Pantalla_Reinicio
 80+  9ED0
 81+  9ED0
# file closed: Partida.asm
 35   9ED0                      INCLUDE "pelota.asm"
# file opened: pelota.asm
  1+  9ED0              ; ----------------------------------------------------------------------------------------
  2+  9ED0              ; Ball.
  3+  9ED0              ;
  4+  9ED0              ; The playfield IS the attribute file ($5800-$5AFF) and there is no background layer, so
  5+  9ED0              ; erasing the ball by writing 0 destroys whatever cell it was sitting on. That is why the
  6+  9ED0              ; ball used to chew holes through the bricks and the border without any collision code
  7+  9ED0              ; existing at all. This file therefore READS the attribute under the ball before drawing
  8+  9ED0              ; and writes that same byte back on erase.
  9+  9ED0              ;
 10+  9ED0              ; Position is 8.8 fixed point per axis. The whole part is the cell the ball occupies and
 11+  9ED0              ; lives in Coord; the fraction lives in CoordFrac. Velocity in Vector is signed 8.8 too.
 12+  9ED0              ; That is what lets the ball travel at angles other than 45 degrees while still advancing
 13+  9ED0              ; at most ONE cell per axis per frame -- so it can never step over a brick without
 14+  9ED0              ; touching it, and the range tests in classify_cell stay sound.
 15+  9ED0              ;
 16+  9ED0              ; Hard invariants:
 17+  9ED0              ;   * |velocity| on each axis must stay <= $0100 (one cell/frame), or the ball skips cells.
 18+  9ED0              ;   * the ROW velocity must never reach 0, or the ball never returns to the paddle.
 19+  9ED0              ; ----------------------------------------------------------------------------------------
 20+  9ED0
 21+  9ED0              ; Byte 0 is the COLUMN and byte 1 is the ROW. `ld hl,(Coord)` puts byte 0 in L, and PosXY
 22+  9ED0              ; takes H as the row -- so the ball starts at row 20, column 16. The comment that used to
 23+  9ED0              ; sit here said "(fila, columna)", which is backwards, and the one on Vector said "(X, Y)"
 24+  9ED0              ; when byte 0 was the row delta.
 25+  9ED0 10 14        Coord:      DB 16, 20       ; column, row -- the cell the ball occupies
 26+  9ED2 00 00        CoordFrac:  DB 0, 0         ; sub-cell fraction, same order: column, row
 27+  9ED4
 28+  9ED4              ; Signed 8.8 velocity: ROW at Vector, COLUMN at Vector+2. |(-181,181)| = 256, i.e. one
 29+  9ED4              ; cell per frame of travel -- the SAME magnitude as every rebound_table entry and as
 30+  9ED4              ; reset_ball. Keep it that way: this declaration is what the very first ball of a fresh
 31+  9ED4              ; load flies at, because inline DB/DW data is initialised once per LOAD and reset_ball
 32+  9ED4              ; does not run until the first level change or lost ball. It used to say (-256,256), so
 33+  9ED4              ; the first ball travelled at |v| = 362 and then dropped ~30% for good on first contact
 34+  9ED4              ; with the paddle.
 35+  9ED4 4B FF        Vector:     DW -181         ; ROW velocity    (negative = upward)
 36+  9ED6 B5 00                    DW  181         ; COLUMN velocity (positive = right)
 37+  9ED8
 38+  9ED8 00 00        NewRow:     DW 0            ; scratch: tentative row position this frame, 8.8
 39+  9EDA 00 00        NewCol:     DW 0            ; scratch: tentative column position this frame, 8.8
 40+  9EDC 00           BallSaved:  DB 0            ; the attribute that was under the ball before it drew
 41+  9EDD
 42+  9EDD              ; ----------------------------------------------------------------------------------------
 43+  9EDD              ; ball - advance, resolve collisions, draw, wait, restore. One frame.
 44+  9EDD              ;   IN  - reads Coord, CoordFrac, Vector
 45+  9EDD              ;   OUT - updates them
 46+  9EDD              ;   Clobbers AF, DE, HL. Preserves BC, IX, IY.
 47+  9EDD              ; ----------------------------------------------------------------------------------------
 48+  9EDD              ball:
 49+  9EDD CD 0F 9F             call step_ball          ; NewRow/NewCol = position + velocity
 50+  9EE0 CD 5D 9F             call resolve_collisions ; bounce / destroy; re-steps if it flipped anything
 51+  9EE3
 52+  9EE3                      ; --- commit the resolved position ---
 53+  9EE3 3A D9 9E             ld a, (NewRow+1)
 54+  9EE6 32 D1 9E             ld (Coord+1), a
 55+  9EE9 3A D8 9E             ld a, (NewRow)
 56+  9EEC 32 D3 9E             ld (CoordFrac+1), a
 57+  9EEF 3A DB 9E             ld a, (NewCol+1)
 58+  9EF2 32 D0 9E             ld (Coord), a
 59+  9EF5 3A DA 9E             ld a, (NewCol)
 60+  9EF8 32 D2 9E             ld (CoordFrac), a
 61+  9EFB
 62+  9EFB                      ; --- draw, wait, restore ---
 63+  9EFB 2A D0 9E             ld hl, (Coord)          ; L = column, H = row
 64+  9EFE CD 3D 9F             call PosXY              ; HL = attribute address
 65+  9F01 7E                   ld a, (hl)
 66+  9F02 32 DC 9E             ld (BallSaved), a       ; whatever was here before the ball landed on it
 67+  9F05 36 38                ld (hl), 8*7            ; white paper
 68+  9F07 CD 30 9F             call Esperar_pelota     ; preserves HL
 69+  9F0A 3A DC 9E             ld a, (BallSaved)
 70+  9F0D 77                   ld (hl), a              ; put it back -- NOT 0. This is the whole fix.
 71+  9F0E C9                   ret
 72+  9F0F
 73+  9F0F              ; ----------------------------------------------------------------------------------------
 74+  9F0F              ; step_ball - NewRow/NewCol = (Coord,CoordFrac) + Vector, one axis at a time.
 75+  9F0F              ;   Called again by resolve_collisions after a bounce, so the new position is always
 76+  9F0F              ;   derived from the CURRENT velocity rather than patched up afterwards.
 77+  9F0F              ;   Clobbers AF, DE, HL.
 78+  9F0F              ; ----------------------------------------------------------------------------------------
 79+  9F0F              step_ball:
 80+  9F0F 3A D1 9E             ld a, (Coord+1)         ; row: H = whole, L = fraction
 81+  9F12 67                   ld h, a
 82+  9F13 3A D3 9E             ld a, (CoordFrac+1)
 83+  9F16 6F                   ld l, a
 84+  9F17 ED 5B D4 9E          ld de, (Vector)         ; row velocity
 85+  9F1B 19                   add hl, de
 86+  9F1C 22 D8 9E             ld (NewRow), hl         ; NewRow = fraction, NewRow+1 = whole
 87+  9F1F
 88+  9F1F 3A D0 9E             ld a, (Coord)           ; column
 89+  9F22 67                   ld h, a
 90+  9F23 3A D2 9E             ld a, (CoordFrac)
 91+  9F26 6F                   ld l, a
 92+  9F27 ED 5B D6 9E          ld de, (Vector+2)       ; column velocity
 93+  9F2B 19                   add hl, de
 94+  9F2C 22 DA 9E             ld (NewCol), hl
 95+  9F2F C9                   ret
 96+  9F30
 97+  9F30              ;-------------------------------------------------------------------------------------------------
 98+  9F30
 99+  9F30              Esperar_pelota:
100+  9F30 E5                   push hl
101+  9F31 F5                   push af
102+  9F32 21 00 11             ld hl, $1100      ; Ajustar el tiempo de espera
103+  9F35
104+  9F35              Bucle_esperar:
105+  9F35 2B                   dec hl
106+  9F36 7C                   ld a, h
107+  9F37 B5                   or l
108+  9F38 20 FB                jr nz, Bucle_esperar
109+  9F3A F1                   pop af
110+  9F3B E1                   pop hl
111+  9F3C C9                   ret
112+  9F3D
113+  9F3D              PosXY:
114+  9F3D F5                   push af
115+  9F3E 7C                   ld a, h
116+  9F3F CB 27                sla a
117+  9F41 CB 27                sla a
118+  9F43 CB 27                sla a
119+  9F45 CB 27                sla a
120+  9F47 CB 27                sla a
121+  9F49 B5                   or l            ; A = A : L
122+  9F4A 6F                   ld l, a
123+  9F4B 7C                   ld a, h
124+  9F4C CB 2F                sra a
125+  9F4E CB 2F                sra a
126+  9F50 CB 2F                sra a
127+  9F52 F6 58                or $58          ; A = A : $58
128+  9F54 67                   ld h, a
129+  9F55 F1                   pop af
130+  9F56 C9                   ret
131+  9F57
# file closed: pelota.asm
 36   9F57                      INCLUDE "colisiones.asm"
# file opened: colisiones.asm
  1+  9F57              ; ----------------------------------------------------------------------------------------
  2+  9F57              ; Collisions.
  3+  9F57              ;
  4+  9F57              ; The ball is one attribute cell and moves at most one cell per axis per frame, so a
  5+  9F57              ; collision is a cell lookup, not a box intersection. Everything here classifies the cell
  6+  9F57              ; the ball is about to move into and reacts.
  7+  9F57              ;
  8+  9F57              ; Classification is BY POSITION FIRST, attribute second, because attribute values are
  9+  9F57              ; ambiguous: $10 is both the paddle and a colour-2 brick, $38 is both the ball and a
 10+  9F57              ; colour-7 brick, and $00 is both an empty cell and a destroyed one.
 11+  9F57              ; ----------------------------------------------------------------------------------------
 12+  9F57
 13+  9F57              CELL_EMPTY      EQU 0       ; nothing there
 14+  9F57              CELL_BORDER     EQU 1       ; the frame drawn by dibujar_tablero
 15+  9F57              CELL_BRICK      EQU 2       ; destructible, colours 1-7
 16+  9F57              CELL_HARD       EQU 3       ; colour 8, indestructible (rendered as $78 -- PintarMapa.asm)
 17+  9F57              CELL_PADDLEROW  EQU 4       ; row 23, where the paddle lives
 18+  9F57
 19+  9F57              INITIAL_LIVES   EQU 3
 20+  9F57              BALL_START_ROW  EQU 20
 21+  9F57              BALL_START_COL  EQU 16
 22+  9F57              PADDLE_START    EQU 14      ; POSICION's own initial value
 23+  9F57
 24+  9F57 00           bricks_left:    DB 0        ; destructible bricks still standing. Loaded from the map's
 25+  9F58                                          ; byte 0 by Mostrar_Mapa; the level ends when it reaches 0.
 26+  9F58 03           lives:          DB INITIAL_LIVES    ; reset per GAME, never per level. The DB only runs
 27+  9F59                                          ; once per LOAD, so reset_game has to set it explicitly.
 28+  9F59 00           ball_lost:      DB 0        ; set when the paddle missed; the frame loop acts on it
 29+  9F5A 00 00        cand_cell:      DW 0        ; the cell probe_cell last looked at: byte 0 = column, 1 = row
 30+  9F5C 00           bounce_flags:   DB 0        ; bit 0 = row velocity flipped, bit 1 = column velocity flipped
 31+  9F5D
 32+  9F5D              ; ----------------------------------------------------------------------------------------
 33+  9F5D              ; resolve_collisions - decide what the ball hit and bounce it.
 34+  9F5D              ;
 35+  9F5D              ; Three candidate cells, tested in this order. It is the standard resolution and it is what
 36+  9F5D              ; a player expects:
 37+  9F5D              ;     vertical   = (new row, old column)  -> flip the row velocity
 38+  9F5D              ;     horizontal = (old row, new column)  -> flip the column velocity
 39+  9F5D              ;     diagonal   = (new row, new column)  -> only when neither orthogonal cell was solid;
 40+  9F5D              ;                                            flip both. The corner clip is genuinely
 41+  9F5D              ;                                            ambiguous; this convention is deterministic
 42+  9F5D              ;                                            and symmetric, so it stays consistent.
 43+  9F5D              ;
 44+  9F5D              ; Two bricks CAN be destroyed in one frame (vertical and horizontal both hit). That is
 45+  9F5D              ; correct, and the counter is decremented twice.
 46+  9F5D              ;
 47+  9F5D              ; After any flip the position is re-derived by calling step_ball again, so the ball moves
 48+  9F5D              ; with the NEW velocity. That is also why a destroyed brick is never restored underneath
 49+  9F5D              ; the ball: the ball always ends up moving AWAY from whatever it just hit, so its final
 50+  9F5D              ; cell is never a cell this routine cleared.
 51+  9F5D              ;
 52+  9F5D              ;   IN  - NewRow/NewCol from step_ball, Coord = the cell the ball is leaving
 53+  9F5D              ;   OUT - Vector possibly changed, NewRow/NewCol re-derived
 54+  9F5D              ;   Clobbers AF, DE, HL. Preserves BC, IX.
 55+  9F5D              ; ----------------------------------------------------------------------------------------
 56+  9F5D              resolve_collisions:
 57+  9F5D AF                   xor a
 58+  9F5E 32 5C 9F             ld (bounce_flags), a
 59+  9F61
 60+  9F61                      ; ---- vertical candidate: (tentative row, current column) ----------
 61+  9F61 3A D9 9E             ld a, (NewRow+1)
 62+  9F64 67                   ld h, a
 63+  9F65 3A D0 9E             ld a, (Coord)
 64+  9F68 6F                   ld l, a
 65+  9F69 CD C9 9F             call probe_cell
 66+  9F6C B7                   or a
 67+  9F6D 28 19                jr z, rc_horizontal             ; CELL_EMPTY
 68+  9F6F FE 04                cp CELL_PADDLEROW
 69+  9F71 28 0D                jr z, rc_paddle
 70+  9F73 CD F9 9F             call destroy_if_brick
 71+  9F76 CD A5 A0             call flip_row_velocity
 72+  9F79 21 5C 9F             ld hl, bounce_flags
 73+  9F7C CB C6                set 0, (hl)
 74+  9F7E 18 08                jr rc_horizontal
 75+  9F80
 76+  9F80              rc_paddle:
 77+  9F80 CD 20 A0             call paddle_hit                 ; sets both velocities when it catches
 78+  9F83 21 5C 9F             ld hl, bounce_flags
 79+  9F86 CB C6                set 0, (hl)
 80+  9F88
 81+  9F88              rc_horizontal:
 82+  9F88                      ; ---- horizontal candidate: (current row, tentative column) --------
 83+  9F88 3A D1 9E             ld a, (Coord+1)
 84+  9F8B 67                   ld h, a
 85+  9F8C 3A DB 9E             ld a, (NewCol+1)
 86+  9F8F 6F                   ld l, a
 87+  9F90 CD C9 9F             call probe_cell
 88+  9F93 B7                   or a
 89+  9F94 28 0B                jr z, rc_diagonal
 90+  9F96 CD F9 9F             call destroy_if_brick
 91+  9F99 CD AF A0             call flip_col_velocity
 92+  9F9C 21 5C 9F             ld hl, bounce_flags
 93+  9F9F CB CE                set 1, (hl)
 94+  9FA1
 95+  9FA1              rc_diagonal:
 96+  9FA1 3A 5C 9F             ld a, (bounce_flags)
 97+  9FA4 B7                   or a
 98+  9FA5 20 1F                jr nz, rc_restep                ; already resolved orthogonally
 99+  9FA7
100+  9FA7 3A D9 9E             ld a, (NewRow+1)
101+  9FAA 67                   ld h, a
102+  9FAB 3A DB 9E             ld a, (NewCol+1)
103+  9FAE 6F                   ld l, a
104+  9FAF CD C9 9F             call probe_cell
105+  9FB2 B7                   or a
106+  9FB3 C8                   ret z                           ; empty: the move stands, no re-step needed
107+  9FB4 FE 04                cp CELL_PADDLEROW
108+  9FB6 28 0B                jr z, rc_diag_paddle
109+  9FB8 CD F9 9F             call destroy_if_brick
110+  9FBB CD A5 A0             call flip_row_velocity
111+  9FBE CD AF A0             call flip_col_velocity
112+  9FC1 18 03                jr rc_restep
113+  9FC3              rc_diag_paddle:
114+  9FC3 CD 20 A0             call paddle_hit
115+  9FC6
116+  9FC6              rc_restep:
117+  9FC6 C3 0F 9F             jp step_ball                    ; re-derive position from the new velocity
118+  9FC9
119+  9FC9              ; ----------------------------------------------------------------------------------------
120+  9FC9              ; probe_cell - classify a candidate cell, remembering which cell it was so that
121+  9FC9              ;              destroy_brick can find it again.
122+  9FC9              ;   IN  - H = row, L = column
123+  9FC9              ;   OUT - A = CELL_*, HL = the cell's attribute address
124+  9FC9              ; ----------------------------------------------------------------------------------------
125+  9FC9              probe_cell:
126+  9FC9 22 5A 9F             ld (cand_cell), hl              ; byte 0 = column (L), byte 1 = row (H)
127+  9FCC C3 CF 9F             jp classify_cell
128+  9FCF
129+  9FCF              ; ----------------------------------------------------------------------------------------
130+  9FCF              ; classify_cell - what is at a cell?
131+  9FCF              ;   IN  - H = row (0..23), L = column (0..31)
132+  9FCF              ;   OUT - A = CELL_*, HL = that cell's attribute address
133+  9FCF              ;   Clobbers AF, HL. Preserves BC, DE, IX.
134+  9FCF              ;
135+  9FCF              ; The tests are range comparisons (jr nc), not the exact-equality tests the ball used to
136+  9FCF              ; use. Equality was only safe while the step was exactly +/-1; with fractional velocities
137+  9FCF              ; that assumption is gone.
138+  9FCF              ; ----------------------------------------------------------------------------------------
139+  9FCF              classify_cell:
140+  9FCF 7C                   ld a, h
141+  9FD0 FE 17                cp 23
142+  9FD2 30 20                jr nc, cc_paddlerow             ; row 23 or beyond: the paddle's row
143+  9FD4 B7                   or a
144+  9FD5 28 18                jr z, cc_border                 ; row 0: top border
145+  9FD7 7D                   ld a, l
146+  9FD8 B7                   or a
147+  9FD9 28 14                jr z, cc_border                 ; column 0: left border
148+  9FDB FE 1F                cp 31
149+  9FDD 30 10                jr nc, cc_border                ; column 31 or beyond: right border
150+  9FDF
151+  9FDF                      ; interior: now the attribute can be trusted, because position has already
152+  9FDF                      ; ruled out the paddle and the border.
153+  9FDF CD 3D 9F             call PosXY
154+  9FE2 7E                   ld a, (hl)
155+  9FE3 B7                   or a
156+  9FE4 C8                   ret z                           ; A = 0 = CELL_EMPTY
157+  9FE5 FE 78                cp $78                          ; colour 8's rendered attribute -- PintarMapa.asm
158+  9FE7 28 03                jr z, cc_hard
159+  9FE9 3E 02                ld a, CELL_BRICK
160+  9FEB C9                   ret
161+  9FEC              cc_hard:
162+  9FEC 3E 03                ld a, CELL_HARD
163+  9FEE C9                   ret
164+  9FEF              cc_border:
165+  9FEF 3E 01                ld a, CELL_BORDER
166+  9FF1 C3 3D 9F             jp PosXY                        ; PosXY preserves AF
167+  9FF4              cc_paddlerow:
168+  9FF4 3E 04                ld a, CELL_PADDLEROW
169+  9FF6 C3 3D 9F             jp PosXY
170+  9FF9
171+  9FF9              ; ----------------------------------------------------------------------------------------
172+  9FF9              ; destroy_if_brick - clear the probed cell only if it was destructible.
173+  9FF9              ;   IN  - A = the class probe_cell returned
174+  9FF9              ;   Colour 8 (CELL_HARD) bounces the ball and is deliberately left alone. Get that wrong
175+  9FF9              ;   and bricks_left never reaches zero, so the level never completes.
176+  9FF9              ;   Clobbers AF, DE, HL.
177+  9FF9              ; ----------------------------------------------------------------------------------------
178+  9FF9              destroy_if_brick:
179+  9FF9 FE 02                cp CELL_BRICK
180+  9FFB C0                   ret nz
181+  9FFC                      ; fall through
182+  9FFC
183+  9FFC              ; ----------------------------------------------------------------------------------------
184+  9FFC              ; destroy_brick - clear BOTH cells of the brick at cand_cell and count it once.
185+  9FFC              ;
186+  9FFC              ; A brick is 2 cells wide and entry i of a row occupies columns 1+2i and 2+2i. So an ODD
187+  9FFC              ; column is the brick's LEFT cell and its partner is on the right; an EVEN column is the
188+  9FFC              ; RIGHT cell and its partner is on the left. One brick, two cells, ONE decrement.
189+  9FFC              ;   Clobbers AF, DE, HL.
190+  9FFC              ; ----------------------------------------------------------------------------------------
191+  9FFC              destroy_brick:
192+  9FFC 3A 5A 9F             ld a, (cand_cell)               ; column
193+  9FFF 6F                   ld l, a
194+  A000 3A 5B 9F             ld a, (cand_cell+1)             ; row
195+  A003 67                   ld h, a
196+  A004 E5                   push hl
197+  A005 CD 3D 9F             call PosXY
198+  A008 36 00                ld (hl), 0                      ; the cell the ball actually hit
199+  A00A E1                   pop hl
200+  A00B CB 45                bit 0, l
201+  A00D 28 03                jr z, db_even
202+  A00F 2C                   inc l                           ; odd column  -> left cell  -> partner to the right
203+  A010 18 01                jr db_partner
204+  A012              db_even:
205+  A012 2D                   dec l                           ; even column -> right cell -> partner to the left
206+  A013              db_partner:
207+  A013 CD 3D 9F             call PosXY
208+  A016 36 00                ld (hl), 0
209+  A018
210+  A018 21 57 9F             ld hl, bricks_left
211+  A01B 7E                   ld a, (hl)
212+  A01C B7                   or a
213+  A01D C8                   ret z                           ; already zero: never wrap round to 255
214+  A01E 35                   dec (hl)
215+  A01F C9                   ret
216+  A020
217+  A020              ; ----------------------------------------------------------------------------------------
218+  A020              ; paddle_hit - the ball reached row 23.
219+  A020              ;
220+  A020              ; POSICION byte 0 is the paddle's leftmost column, so the paddle spans
221+  A020              ; POSICION .. POSICION+6 and subtracting gives the hit index 0-6: three cells left of
222+  A020              ; centre, centre, three right. Where on the paddle the ball lands is what sets the rebound
223+  A020              ; angle -- without that the player has no influence on the trajectory at all, and whether
224+  A020              ; a level can be cleared would be fixed before anyone pressed a key.
225+  A020              ;
226+  A020              ;   IN  - NewCol+1 = the column the ball is heading for
227+  A020              ;   Clobbers AF, DE, HL.
228+  A020              ; ----------------------------------------------------------------------------------------
229+  A020              paddle_hit:
230+  A020 3A DB 9E             ld a, (NewCol+1)                ; the column the ball is heading for
231+  A023 21 0E 9B             ld hl, POSICION
232+  A026 96                   sub (hl)                        ; hit index = ball column - paddle left column
233+  A027 FE 07                cp LONGITUDPALA
234+  A029 30 2D                jr nc, ph_missed                ; unsigned, so this also catches "left of it"
235+  A02B
236+  A02B F5                   push af                         ; keep the index for the centre test below
237+  A02C 87                   add a, a
238+  A02D 87                   add a, a                        ; x4: each table entry is two 16-bit words
239+  A02E 5F                   ld e, a
240+  A02F 16 00                ld d, 0
241+  A031 21 C1 A0             ld hl, rebound_table
242+  A034 19                   add hl, de
243+  A035 5E                   ld e, (hl)
244+  A036 23                   inc hl
245+  A037 56                   ld d, (hl)
246+  A038 ED 53 D4 9E          ld (Vector), de                 ; row velocity, always upward
247+  A03C 23                   inc hl
248+  A03D 5E                   ld e, (hl)
249+  A03E 23                   inc hl
250+  A03F 56                   ld d, (hl)                      ; DE = column velocity from the table
251+  A040 F1                   pop af
252+  A041
253+  A041 FE 03                cp 3                            ; dead centre?
254+  A043 20 0E                jr nz, ph_store
255+  A045                      ; The exact middle of the paddle keeps the ball's current horizontal direction
256+  A045                      ; rather than forcing one, so the centre cell is not arbitrarily biased one way.
257+  A045 2A D6 9E             ld hl, (Vector+2)
258+  A048 CB 7C                bit 7, h
259+  A04A 28 07                jr z, ph_store                  ; was moving right: the table entry is already +
260+  A04C 7A                   ld a, d                         ; was moving left: mirror it
261+  A04D 2F                   cpl
262+  A04E 57                   ld d, a
263+  A04F 7B                   ld a, e
264+  A050 2F                   cpl
265+  A051 5F                   ld e, a
266+  A052 13                   inc de
267+  A053              ph_store:
268+  A053 ED 53 D6 9E          ld (Vector+2), de
269+  A057 C9                   ret
270+  A058
271+  A058              ph_missed:
272+  A058                      ; The paddle was not under the ball: the ball is lost. The floor used to bounce
273+  A058                      ; unconditionally, which is precisely what made the game impossible to lose.
274+  A058                      ;
275+  A058                      ; Only a FLAG is set here. Jumping to a game-over screen from inside the ball's
276+  A058                      ; collision code would abandon everything already on the stack, which is the same
277+  A058                      ; mistake the old F key made (teclado called Fin_Juego, which never came back).
278+  A058                      ; The frame loop in Partida.asm reads the flag and acts, where it can do so
279+  A058                      ; without unbalancing anything.
280+  A058 3E 01                ld a, 1
281+  A05A 32 59 9F             ld (ball_lost), a
282+  A05D C3 A5 A0             jp flip_row_velocity    ; bounce anyway, so this frame still ends somewhere legal
283+  A060
284+  A060              ; ----------------------------------------------------------------------------------------
285+  A060              ; reset_ball - back to the serve position, travelling up and to the right.
286+  A060              ;   Clobbers AF, HL.
287+  A060              ; ----------------------------------------------------------------------------------------
288+  A060              reset_ball:
289+  A060 3E 10                ld a, BALL_START_COL
290+  A062 32 D0 9E             ld (Coord), a
291+  A065 3E 14                ld a, BALL_START_ROW
292+  A067 32 D1 9E             ld (Coord+1), a
293+  A06A AF                   xor a
294+  A06B 32 D2 9E             ld (CoordFrac), a
295+  A06E 32 D3 9E             ld (CoordFrac+1), a
296+  A071                      ; 45 degrees up and to the right, at the SAME magnitude as every rebound_table
297+  A071                      ; entry: |(-181,181)| = 256 = one cell per frame of travel. Serving at
298+  A071                      ; (-256,+256) instead would be |v| = 362, i.e. 41% faster than the ball can ever
299+  A071                      ; travel after touching the paddle, so it would visibly slow down for good on
300+  A071                      ; first contact.
301+  A071 21 4B FF             ld hl, -181
302+  A074 22 D4 9E             ld (Vector), hl
303+  A077 21 B5 00             ld hl, 181
304+  A07A 22 D6 9E             ld (Vector+2), hl
305+  A07D C9                   ret
306+  A07E
307+  A07E              ; ----------------------------------------------------------------------------------------
308+  A07E              ; reset_round - ball and paddle back to their start positions.
309+  A07E              ;   Used on level change AND after losing a ball. Bricks and lives are left alone.
310+  A07E              ;   Nothing in this game reset anything before: a new level began with the ball wherever
311+  A07E              ;   it happened to be, and a second game started with everything where the first ended.
312+  A07E              ;   Clobbers AF, HL.
313+  A07E              ; ----------------------------------------------------------------------------------------
314+  A07E              reset_round:
315+  A07E CD 60 A0             call reset_ball
316+  A081                      ; Erase the paddle where it is RIGHT NOW, immediately, instead of recording a
317+  A081                      ; pending erase in POSICION+1 for dibujarpala to pick up later.
318+  A081                      ;
319+  A081                      ; POSICION+1 is a single-slot pending erase written by BOTH nuevaposicion and
320+  A081                      ; this routine, and consumed only by dibujarpala. On the frame a ball is lost
321+  A081                      ; the loop leaves via `jp Ball_Lost`, so dibujarpala never runs that frame --
322+  A081                      ; and on the next frame nuevaposicion overwrites POSICION+1 first, discarding
323+  A081                      ; the pending erase. The old paddle then stayed painted, and every later move
324+  A081                      ; only erased one column behind, so the leftovers survived on screen.
325+  A081                      ; Erasing here means a pending erase never has to survive a frame boundary.
326+  A081 3A 0E 9B             ld a, (POSICION)
327+  A084 0E 00                ld c, 0
328+  A086 CD 24 9B             call dibujarpalacolor
329+  A089 3E 0E                ld a, PADDLE_START
330+  A08B 32 0E 9B             ld (POSICION), a
331+  A08E AF                   xor a
332+  A08F 32 0F 9B             ld (POSICION+1), a      ; nothing pending
333+  A092 C3 10 9B             jp dibujarpala          ; ...and draw it at the centre now, so the paddle does
334+  A095                                              ; not blink out for a frame between erase and redraw
335+  A095
336+  A095              ; ----------------------------------------------------------------------------------------
337+  A095              ; reset_game - everything a brand-new game needs, including the bytes the loader only
338+  A095              ;   ever initialises once.
339+  A095              ;   Clobbers AF, HL.
340+  A095              ; ----------------------------------------------------------------------------------------
341+  A095              reset_game:
342+  A095 CD 7E A0             call reset_round
343+  A098 3E 03                ld a, INITIAL_LIVES
344+  A09A 32 58 9F             ld (lives), a
345+  A09D AF                   xor a
346+  A09E 32 59 9F             ld (ball_lost), a
347+  A0A1 32 7A 9E             ld (levelCounter), a
348+  A0A4 C9                   ret
349+  A0A5
350+  A0A5              ; ----------------------------------------------------------------------------------------
351+  A0A5              ; flip_row_velocity / flip_col_velocity - negate one 16-bit signed 8.8 component.
352+  A0A5              ;   Clobbers AF, HL.
353+  A0A5              ; ----------------------------------------------------------------------------------------
354+  A0A5              flip_row_velocity:
355+  A0A5 2A D4 9E             ld hl, (Vector)
356+  A0A8 CD B9 A0             call negate_hl
357+  A0AB 22 D4 9E             ld (Vector), hl
358+  A0AE C9                   ret
359+  A0AF
360+  A0AF              flip_col_velocity:
361+  A0AF 2A D6 9E             ld hl, (Vector+2)
362+  A0B2 CD B9 A0             call negate_hl
363+  A0B5 22 D6 9E             ld (Vector+2), hl
364+  A0B8 C9                   ret
365+  A0B9
366+  A0B9              negate_hl:
367+  A0B9 7C                   ld a, h
368+  A0BA 2F                   cpl
369+  A0BB 67                   ld h, a
370+  A0BC 7D                   ld a, l
371+  A0BD 2F                   cpl
372+  A0BE 6F                   ld l, a
373+  A0BF 23                   inc hl
374+  A0C0 C9                   ret
375+  A0C1
376+  A0C1              ; ----------------------------------------------------------------------------------------
377+  A0C1              ; Rebound angles, indexed by where on the 7-cell paddle the ball landed.
378+  A0C1              ;
379+  A0C1              ; Centre sends the ball steeply up, the edges send it out shallow and wide -- the classic
380+  A0C1              ; Arkanoid feel. Both components are 8.8 fixed point, and the table obeys the two hard
381+  A0C1              ; invariants: every row velocity is NON-ZERO (a horizontal ball never comes back and the
382+  A0C1              ; game live-locks), and no magnitude exceeds $0100 = one cell per frame (or the ball skips
383+  A0C1              ; cells and can pass straight through a brick).
384+  A0C1              ; ----------------------------------------------------------------------------------------
385+  A0C1              ; SPEED IS CONSTANT. Every entry has |v| = 256 +/- 1, i.e. exactly one cell per frame of
386+  A0C1              ; travel, and reset_ball serves at the same magnitude. Only the DIRECTION varies.
387+  A0C1              ;
388+  A0C1              ; This is the whole point and it is easy to get wrong: a rebound must change where the
389+  A0C1              ; ball is going without changing how fast it is going. The first version of this table
390+  A0C1              ; varied from 250 to 286 and, worse, the serve was 362 (-1.00,+1.00 at 45 degrees) -- so
391+  A0C1              ; the ball was launched 26-45% faster than any rebound could ever return it, and dropped
392+  A0C1              ; to walking pace the instant it first touched the paddle, permanently. Wall and brick
393+  A0C1              ; bounces only negate a component, so they preserve whatever magnitude they are given and
394+  A0C1              ; the ball never recovered.
395+  A0C1              ;
396+  A0C1              ; 256 is the ceiling: no single component may exceed $0100 (one cell per axis per frame)
397+  A0C1              ; or the ball skips cells, and the shallowest entries here are already at 222.
398+  A0C1              ;
399+  A0C1              ;                row velocity     column velocity    angle from vertical
400+  A0C1              rebound_table:
401+  A0C1 80 FF                DW -128
401+  A0C3 22 FF          DW -222          ; 0  far left     60 deg  -- shallow, hard left
402+  A0C5 4B FF                DW -181
402+  A0C7 4B FF          DW -181          ; 1               45 deg
403+  A0C9 22 FF                DW -222
403+  A0CB 80 FF          DW -128          ; 2               30 deg
404+  A0CD 08 FF                DW -248
404+  A0CF 40 00          DW   64          ; 3  centre       14 deg  -- steep; sign follows the
405+  A0D1                                                  ;                            incoming ball
406+  A0D1 22 FF                DW -222
406+  A0D3 80 00          DW  128          ; 4               30 deg
407+  A0D5 4B FF                DW -181
407+  A0D7 B5 00          DW  181          ; 5               45 deg
408+  A0D9 80 FF                DW -128
408+  A0DB DE 00          DW  222          ; 6  far right    60 deg  -- shallow, hard right
409+  A0DD
# file closed: colisiones.asm
# file closed: main.asm
